Date,Price,Open,High,Low,Vol,Change %
"Mar 06, 2025",76.81,77.7,77.7,77.2,0.04K,-2.19%
"Mar 05, 2025",78.53,80,80,78.75,0.02K,-1.52%
"Mar 04, 2025",79.74,80,80,79.05,0.03K,-2.76%
"Mar 03, 2025",82,83.75,83.75,82.5,0.02K,+0.42%
"Feb 28, 2025",81.66,82,82,82,0.02K,-1.66%
"Feb 27, 2025",83.04,82,82,82,0.03K,+4.15%
"Feb 26, 2025",79.73,80.75,80.75,80.75,0.04K,-2.39%
"Feb 25, 2025",81.68,83.75,83.75,81.49,0.01K,-3.91%
"Feb 24, 2025",85,83,83.25,83,0.03K,+0.65%
"Feb 21, 2025",84.45,84.5,84.5,84.5,0.01K,+0.36%
"Feb 20, 2025",84.15,84,84,84,0.04K,-0.85%
"Feb 19, 2025",84.87,84.6,84.84,84.6,0.07K,+0.41%
"Feb 18, 2025",84.52,84.52,84.52,84.52,0.00K,-1.15%
"Feb 17, 2025",85.5,85.5,85.5,85.5,0.02K,-4.44%
"Feb 14, 2025",89.47,89.7,89.7,89.4,0.02K,+0.06%
"Feb 13, 2025",89.42,89.42,89.42,89.42,0.01K,-5.72%
"Feb 12, 2025",94.85,94,94,94,0.00K,-1.64%
"Feb 11, 2025",96.43,95.75,95.75,95.75,0.00K,-0.28%
"Feb 10, 2025",96.7,97.19,97.19,97.19,0.00K,+1.99%
"Feb 07, 2025",94.81,94.4,94.6,94.4,0.01K,+0.55%
"Feb 06, 2025",94.29,94.25,95,94.25,0.00K,+0.91%
"Feb 05, 2025",93.44,94.3,94.3,94.3,0.02K,+1.81%
"Feb 04, 2025",91.78,91.5,91.5,91.5,0.01K,-0.22%
"Feb 03, 2025",91.98,93.5,94,92,0.04K,-1.88%
"Jan 31, 2025",93.74,92,92,92,0.02K,+3.19%
"Jan 30, 2025",90.84,91,91.85,91,0.01K,-0.21%
"Jan 29, 2025",91.03,90,90,90,0.01K,+2.93%
"Jan 28, 2025",88.44,88.44,88.44,88.44,0.02K,+1.03%
"Jan 27, 2025",87.54,87.54,87.54,87.54,0.03K,-2.52%
"Jan 24, 2025",89.8,89.8,89.8,89.8,0.01K,+1.05%
"Jan 23, 2025",88.87,89.6,89.6,89.6,0.00K,+0.44%
"Jan 22, 2025",88.48,90.15,90.15,90.15,0.00K,-2.95%
"Jan 21, 2025",91.17,91.45,91.45,89.9,0.01K,+0.63%
"Jan 20, 2025",90.6,90.25,90.25,90.25,0.01K,-0.21%
"Jan 17, 2025",90.79,89.8,90.79,89.8,0.01K,+1.31%
"Jan 16, 2025",89.62,89,89,89,0.01K,-0.08%
"Jan 15, 2025",89.69,89.69,89.69,89.69,0.02K,+1.15%
"Jan 14, 2025",88.67,88.67,88.67,88.67,0.02K,-2.04%
"Jan 13, 2025",90.52,90.52,90.52,90.52,0.01K,+3.26%
"Jan 10, 2025",87.66,85.65,88.1,85.65,0.03K,+1.17%
"Jan 09, 2025",86.65,85.35,85.35,85.35,0.01K,+1.33%
"Jan 08, 2025",85.51,87.2,87.2,87.2,0.01K,-4.03%
"Jan 07, 2025",89.1,88.25,88.25,88.25,0.01K,+0.26%
"Jan 06, 2025",88.87,89.75,89.75,89.35,0.04K,-1.62%
"Jan 03, 2025",90.33,89,90.2,89,0.01K,+0.96%
"Jan 02, 2025",89.47,89.47,89.47,89.47,,+3.89%
"Dec 30, 2024",86.12,86.12,86.12,86.12,0.01K,-10.07%
"Dec 27, 2024",95.76,95.76,95.76,95.76,0.02K,+2.87%
"Dec 23, 2024",93.09,93.09,93.09,93.09,0.00K,+3.78%
"Dec 20, 2024",89.7,89.25,89.25,89.25,0.02K,+0.58%
"Dec 19, 2024",89.18,89.05,90.5,89.05,0.06K,+5.28%
"Dec 18, 2024",84.71,84.6,84.6,84.6,0.05K,-1.68%
"Dec 17, 2024",86.16,86.5,86.5,86.5,0.01K,+2.66%
"Dec 16, 2024",83.93,83.1,83.1,83,0.03K,-2.62%
"Dec 13, 2024",86.19,87.5,87.5,86.15,0.03K,-2.32%
"Dec 12, 2024",88.24,88.45,88.45,88.1,0.02K,-3.59%
"Dec 11, 2024",91.53,91.4,91.5,91.4,0.00K,-0.53%
"Dec 10, 2024",92.02,91.8,92,91.8,0.01K,+1.89%
"Dec 09, 2024",90.31,90.5,90.5,90.5,0.02K,-3.00%
"Dec 06, 2024",93.1,92.75,92.75,92.25,0.09K,+0.14%
"Dec 05, 2024",92.97,92.97,92.97,92.97,0.01K,-1.10%
"Dec 04, 2024",94,94.25,94.25,94.25,0.02K,-2.16%
"Dec 03, 2024",96.08,96.8,96.8,96.75,0.07K,-0.95%
"Dec 02, 2024",97,96.94,96.94,96.94,0.05K,+0.96%
"Nov 29, 2024",96.08,96.08,96.08,96.08,0.04K,+1.60%
"Nov 28, 2024",94.57,94.75,94.75,94.75,0.07K,-1.33%
"Nov 27, 2024",95.84,95.55,95.85,95.5,0.07K,-1.54%
"Nov 26, 2024",97.34,97.34,97.34,97.34,0.01K,-1.62%
"Nov 25, 2024",98.94,99.5,100.75,98.95,0.09K,+1.66%
"Nov 22, 2024",97.32,100,100.4,97.25,0.15K,-2.92%
"Nov 21, 2024",100.25,99.5,101.25,99.5,0.02K,+3.64%
"Nov 20, 2024",96.73,94.85,97.35,94.85,0.02K,+2.04%
"Nov 19, 2024",94.8,97.5,97.5,94.9,0.05K,-1.56%
"Nov 18, 2024",96.3,94.5,96.5,94.2,0.02K,+1.92%
"Nov 15, 2024",94.49,94.49,94.49,94.49,0.01K,+1.08%
"Nov 14, 2024",93.48,92.3,92.3,92.25,0.02K,+3.95%
"Nov 13, 2024",89.93,89.3,89.75,89.3,0.02K,-1.97%
"Nov 12, 2024",91.74,91.74,91.74,91.74,0.02K,+0.97%
"Nov 11, 2024",90.86,90.86,90.86,90.86,0.01K,+1.80%
"Nov 08, 2024",89.25,89.85,89.85,89.75,0.01K,+1.52%
"Nov 07, 2024",87.91,86,86.5,86,0.02K,+3.88%
"Nov 06, 2024",84.63,83.2,84.9,83.2,0.01K,-0.80%
"Nov 05, 2024",85.31,85.5,85.5,85.5,0.01K,+0.06%
"Nov 04, 2024",85.26,84.5,84.5,84.5,0.02K,+2.69%
"Nov 01, 2024",83.03,83.03,83.03,83.03,0.02K,-3.19%
"Oct 31, 2024",85.77,85.25,85.25,85.25,0.01K,-0.94%
"Oct 30, 2024",86.58,87.75,87.75,87.75,0.01K,-3.02%
"Oct 29, 2024",89.28,88.5,89.75,88.5,0.07K,+0.56%
"Oct 28, 2024",88.78,88.78,88.78,88.78,0.03K,-1.85%
"Oct 25, 2024",90.45,90.45,90.45,90.45,0.02K,+1.28%
"Oct 24, 2024",89.31,89.31,89.31,89.31,0.01K,+1.93%
"Oct 23, 2024",87.62,87.62,87.62,87.62,0.01K,+2.55%
"Oct 22, 2024",85.44,85.44,85.44,85.44,0.01K,+0.90%
"Oct 21, 2024",84.68,84.7,84.7,84.7,0.01K,0.00%
"Oct 18, 2024",84.68,84.68,84.68,84.68,0.02K,-1.16%
"Oct 17, 2024",85.67,85.67,85.67,85.67,,+0.65%
"Oct 16, 2024",85.12,87.5,87.5,86.55,0.04K,-2.70%
"Oct 15, 2024",87.48,87.48,87.48,87.48,0.01K,-1.77%
"Oct 14, 2024",89.06,89.06,89.06,89.06,0.02K,+2.19%
"Oct 11, 2024",87.15,87.75,87.75,87.15,0.02K,-0.03%
"Oct 10, 2024",87.18,87.18,87.18,87.18,0.01K,+3.96%
"Oct 09, 2024",83.86,83.8,83.9,83.6,0.01K,+0.19%
"Oct 08, 2024",83.7,84.8,84.8,83.9,0.01K,-1.86%
"Oct 07, 2024",85.29,84.95,85,84.25,0.02K,-0.83%
"Oct 04, 2024",86,84.05,86,84.05,0.01K,+1.08%
"Oct 03, 2024",85.08,84.7,85,84.7,0.03K,+1.18%
"Oct 02, 2024",84.09,84.05,84.5,84.05,0.02K,-0.90%
"Oct 01, 2024",84.85,84.05,84.05,84.05,0.00K,-0.96%
"Sep 30, 2024",85.67,86,86.05,85.15,0.02K,+0.04%
"Sep 27, 2024",85.64,85,85.65,85,0.02K,+0.35%
"Sep 26, 2024",85.34,83.25,84.95,83.25,0.01K,+1.19%
"Sep 25, 2024",84.34,84.34,84.34,84.34,0.01K,+3.32%
"Sep 24, 2024",81.63,81.63,81.63,81.63,0.01K,-0.95%
"Sep 23, 2024",82.41,82.41,82.41,82.41,0.02K,+1.10%
"Sep 20, 2024",81.51,81.5,81.5,81.5,0.03K,+1.84%
"Sep 19, 2024",80.04,84.25,84.25,84.25,0.03K,-4.44%
"Sep 18, 2024",83.76,83.15,83.25,83.15,0.03K,-0.38%
"Sep 17, 2024",84.08,84.08,84.08,84.08,0.01K,+3.67%
"Sep 16, 2024",81.1,81.85,81.85,81.6,0.02K,-3.05%
"Sep 13, 2024",83.65,83.55,83.55,83.55,0.05K,-0.16%
"Sep 12, 2024",83.78,84.25,84.3,84,0.05K,-2.32%
"Sep 11, 2024",85.77,83.75,84.25,83.75,0.03K,+1.62%
"Sep 10, 2024",84.4,86.9,86.9,84.57,0.04K,-3.50%
"Sep 09, 2024",87.46,86.9,87.1,86.9,0.03K,+0.52%
"Sep 06, 2024",87.01,88.25,88.25,87.4,0.03K,+0.31%
"Sep 05, 2024",86.74,86.74,86.74,86.74,0.02K,+0.39%
"Sep 04, 2024",86.4,87.7,87.7,86.25,0.02K,-2.52%
"Sep 03, 2024",88.63,88.63,88.63,88.63,0.02K,-3.59%
"Sep 02, 2024",91.93,92.3,92.35,92,0.01K,-1.09%
"Aug 30, 2024",92.94,93.65,93.65,93.65,0.03K,+0.09%
"Aug 29, 2024",92.86,92.35,92.35,92.25,0.03K,-0.95%
"Aug 28, 2024",93.75,93.25,93.25,93.25,0.03K,+0.01%
"Aug 27, 2024",93.74,93.6,93.6,93.6,0.03K,+1.46%
"Aug 26, 2024",92.39,92.39,92.39,92.39,0.01K,+0.54%
"Aug 23, 2024",91.89,91.89,91.89,91.89,0.00K,-0.24%
"Aug 22, 2024",92.11,92.11,92.11,92.11,0.03K,+0.28%
"Aug 21, 2024",91.85,91.85,91.85,91.85,0.01K,-1.87%
"Aug 20, 2024",93.6,93.6,93.6,93.6,0.01K,-2.63%
"Aug 19, 2024",96.13,96.13,96.13,96.13,0.02K,-0.39%
"Aug 16, 2024",96.51,96.51,96.51,96.51,0.02K,+0.69%
"Aug 15, 2024",95.85,95.85,95.85,95.85,0.01K,+0.89%
"Aug 14, 2024",95,95.8,95.8,95.8,0.01K,+0.16%
"Aug 13, 2024",94.85,94.85,94.85,94.85,0.04K,-0.08%
"Aug 12, 2024",94.93,97,97,96.2,0.03K,+0.44%
"Aug 09, 2024",94.51,94.51,94.51,94.51,0.01K,+0.65%
"Aug 08, 2024",93.9,93.9,93.9,93.9,0.04K,+1.74%
"Aug 07, 2024",92.29,90,90,90,0.01K,+2.08%
"Aug 06, 2024",90.41,90.41,90.41,90.41,0.01K,+1.08%
"Aug 05, 2024",89.44,89.25,89.4,89.25,0.01K,-3.14%
"Aug 02, 2024",92.34,93,93,92.6,0.02K,-0.26%
"Aug 01, 2024",92.58,90.75,93.5,90.75,0.04K,+1.88%
"Jul 31, 2024",90.87,90,90.95,90,0.02K,+1.80%
"Jul 30, 2024",89.26,89,89.3,89,0.01K,+0.25%
"Jul 29, 2024",89.04,88.2,88.2,88.2,0.02K,+1.99%
"Jul 26, 2024",87.3,87.3,87.3,87.3,0.01K,+2.05%
"Jul 25, 2024",85.55,85.55,85.55,85.55,0.01K,-1.66%
"Jul 24, 2024",86.99,86.99,86.99,86.99,0.01K,+3.77%
"Jul 23, 2024",83.83,83.83,83.83,83.83,0.00K,+0.52%
"Jul 22, 2024",83.4,83.8,83.8,83.35,0.01K,-1.99%
"Jul 19, 2024",85.09,85.35,85.35,85.35,0.00K,+0.28%
"Jul 18, 2024",84.85,84.85,84.85,84.85,0.02K,+0.26%
"Jul 17, 2024",84.63,84.63,84.63,84.63,0.01K,-1.64%
"Jul 16, 2024",86.04,85.6,85.6,85.6,0.03K,+1.58%
"Jul 15, 2024",84.7,85.95,85.95,84.5,0.02K,-2.37%
"Jul 12, 2024",86.76,85.65,85.65,85.65,0.01K,+1.11%
"Jul 11, 2024",85.81,86.1,86.5,85.35,0.05K,+0.19%
"Jul 10, 2024",85.65,87,87,85.75,0.01K,-1.25%
"Jul 09, 2024",86.73,87.1,87.1,86.4,0.04K,-1.20%
"Jul 08, 2024",87.78,87.78,87.78,87.78,0.02K,-1.85%
"Jul 05, 2024",89.43,89.6,89.7,89.6,0.01K,-0.48%
"Jul 04, 2024",89.86,89.86,89.86,89.86,0.01K,+0.09%
"Jul 03, 2024",89.78,89.75,89.75,89.75,0.00K,-0.27%
"Jul 02, 2024",90.02,90.2,90.2,90,0.04K,+3.26%
"Jul 01, 2024",87.18,88,88,88,0.01K,-0.19%
"Jun 28, 2024",87.35,87.35,87.35,87.35,0.01K,+1.15%
"Jun 27, 2024",86.36,87,87,87,0.02K,+0.97%
"Jun 26, 2024",85.53,86.95,86.95,86.95,0.01K,-1.78%
"Jun 25, 2024",87.08,87.08,87.08,87.08,0.00K,+0.79%
"Jun 24, 2024",86.4,86.4,86.4,86.4,0.03K,-1.05%
"Jun 21, 2024",87.32,87.55,87.6,87.55,0.01K,-1.14%
"Jun 20, 2024",88.33,89,89,89,0.01K,-1.02%
"Jun 19, 2024",89.24,89.24,89.24,89.24,0.01K,+2.29%
"Jun 18, 2024",87.24,87.24,87.24,87.24,0.00K,+1.86%
"Jun 17, 2024",85.65,85.65,85.65,85.65,0.01K,-2.87%
"Jun 14, 2024",88.18,88.5,88.5,87.85,0.02K,-1.60%
"Jun 13, 2024",89.61,89.61,89.61,89.61,0.01K,+0.53%
"Jun 12, 2024",89.14,89.14,89.14,89.14,0.01K,+1.64%
"Jun 11, 2024",87.7,87.7,87.7,87.7,0.01K,-0.15%
"Jun 10, 2024",87.83,87.83,87.83,87.83,0.01K,+0.71%
"Jun 07, 2024",87.21,87.21,87.21,87.21,0.01K,-0.86%
"Jun 06, 2024",87.97,87.25,87.5,87.25,0.01K,+0.16%
"Jun 05, 2024",87.83,87.83,87.83,87.83,0.01K,-2.15%
"Jun 04, 2024",89.76,92,92,91.7,0.02K,-3.87%
"Jun 03, 2024",93.37,93.37,93.37,93.37,0.03K,+1.54%
"May 31, 2024",91.95,91.95,91.95,91.95,0.00K,-2.46%
"May 30, 2024",94.27,94.27,94.27,94.27,0.02K,+2.00%
"May 29, 2024",92.42,92.42,92.42,92.42,0.03K,-0.19%
"May 28, 2024",92.6,92.6,92.6,92.6,0.05K,-2.79%
"May 27, 2024",95.26,95.26,95.26,95.26,,+1.87%
"May 24, 2024",93.51,93.51,93.51,93.51,0.00K,-1.57%
"May 23, 2024",95,96.25,96.25,96.24,0.02K,+0.76%
"May 22, 2024",94.28,94.28,94.28,94.28,0.01K,+1.21%
"May 21, 2024",93.15,93,93,92.85,0.01K,+3.05%
"May 20, 2024",90.39,90.39,90.39,90.39,0.01K,+3.04%
"May 17, 2024",87.72,87.72,87.72,87.72,0.02K,+0.60%
"May 16, 2024",87.2,87,87,87,0.01K,+2.04%
"May 15, 2024",85.46,87.35,87.35,87.35,0.04K,-1.38%
"May 14, 2024",86.66,87.5,87.5,87.5,0.06K,+0.88%
"May 13, 2024",85.9,85.9,85.9,85.9,0.07K,-2.20%
"May 10, 2024",87.83,87.83,87.83,87.83,0.02K,-1.76%
"May 09, 2024",89.4,89.4,89.4,89.4,0.01K,+2.17%
"May 08, 2024",87.5,87.5,87.5,87.5,,+0.26%
"May 07, 2024",87.27,86.95,86.95,86.95,0.00K,-1.53%
"May 06, 2024",88.63,88.63,88.63,88.63,0.02K,+2.11%
"May 03, 2024",86.8,87.55,87.55,87.55,0.01K,-0.63%
"May 02, 2024",87.35,87.25,87.25,87.25,0.01K,+5.24%
"Apr 30, 2024",83,83.35,83.35,83.35,0.02K,+3.96%
"Apr 29, 2024",79.84,79.84,79.84,79.84,0.00K,-2.87%
"Apr 26, 2024",82.2,83.5,83.5,82.2,0.04K,-2.14%
"Apr 25, 2024",84,84,84,84,0.01K,+2.40%
"Apr 24, 2024",82.03,82.03,82.03,82.03,0.01K,+1.25%
"Apr 23, 2024",81.02,82.65,82.65,81,0.01K,-1.50%
"Apr 22, 2024",82.25,82.25,82.25,82.25,0.01K,-2.51%
"Apr 19, 2024",84.37,84.37,84.37,84.37,,-5.26%
"Apr 18, 2024",89.05,87.5,89.5,87.5,0.01K,+1.88%
"Apr 17, 2024",87.41,87.5,87.5,87.5,0.01K,-5.27%
"Apr 16, 2024",92.27,90,90,90,0.03K,+4.50%
"Apr 15, 2024",88.3,88,88.5,88,0.02K,-0.14%
"Apr 12, 2024",88.42,88.9,88.9,88.9,0.02K,+3.89%
"Apr 11, 2024",85.11,84,84,84,0.02K,+7.42%
"Apr 10, 2024",79.23,79.23,79.23,79.23,0.01K,-1.33%
"Apr 09, 2024",80.3,80.3,80.3,80.3,0.01K,+0.58%
"Apr 08, 2024",79.84,79.4,79.4,79.4,0.01K,+4.94%
"Apr 05, 2024",76.08,76,76,76,0.01K,+1.96%
"Apr 04, 2024",74.62,74.62,74.62,74.62,0.00K,+2.35%
"Apr 03, 2024",72.91,73.5,73.5,73.5,0.01K,-2.37%
"Apr 02, 2024",74.68,74.68,74.68,74.68,,-3.68%
"Mar 28, 2024",77.53,77.53,77.53,77.53,0.02K,-0.93%
"Mar 27, 2024",78.26,78.26,78.26,78.26,0.00K,+1.31%
"Mar 26, 2024",77.25,77.25,77.25,77.25,0.01K,-3.21%
"Mar 25, 2024",79.81,79.2,79.2,79.2,0.02K,+4.63%
"Mar 22, 2024",76.28,75.3,75.3,75.3,0.01K,+3.50%
"Mar 21, 2024",73.7,73.7,73.7,73.7,0.01K,-4.29%
"Mar 20, 2024",77,77,77,77,0.02K,-0.95%
"Mar 19, 2024",77.74,77.74,77.74,77.74,0.03K,-1.26%
"Mar 18, 2024",78.73,78.5,78.5,78.5,0.02K,+4.04%
"Mar 15, 2024",75.67,75.45,75.5,75.25,0.04K,+2.46%
"Mar 14, 2024",73.85,73.85,73.85,73.85,0.01K,+4.92%
"Mar 13, 2024",70.39,70.55,70.6,70.4,0.02K,-0.27%
"Mar 12, 2024",70.58,70.5,70.55,70.5,0.01K,-1.19%
"Mar 11, 2024",71.43,72,72,71.35,0.01K,-4.65%
"Mar 08, 2024",74.91,74.6,74.6,74.55,0.01K,-0.81%
"Mar 07, 2024",75.52,76,77.5,76,0.03K,-1.50%
"Mar 06, 2024",76.67,78.96,79.31,77.25,0.03K,-1.21%
"Mar 05, 2024",77.61,77.6,77.81,76.91,0.04K,+5.59%
"Mar 04, 2024",73.5,75,75,75,0.01K,0.00%
"Mar 01, 2024",73.5,73.5,73.5,73.5,0.00K,+1.37%
"Feb 29, 2024",72.51,72.85,72.85,72.85,0.02K,-1.91%
"Feb 28, 2024",73.92,72.54,73,72.54,0.02K,+4.76%
"Feb 27, 2024",70.56,70.75,70.75,70.75,0.01K,+2.44%
"Feb 26, 2024",68.88,66.5,68.75,66.5,0.01K,+3.28%
"Feb 23, 2024",66.69,66.2,66.2,66.2,0.02K,-0.40%
"Feb 22, 2024",66.96,67.8,67.8,67,0.01K,-1.36%
"Feb 21, 2024",67.88,67.8,68.15,67.8,0.01K,-0.63%
"Feb 20, 2024",68.31,67.6,67.6,67.15,0.01K,+1.20%
"Feb 19, 2024",67.5,68.35,68.35,67.4,0.01K,-3.96%
"Feb 16, 2024",70.28,70.25,70.25,70.25,0.00K,-0.89%
"Feb 15, 2024",70.91,71.25,72,71.25,0.02K,+0.78%
"Feb 14, 2024",70.36,70.3,70.35,70.3,0.01K,-1.08%
"Feb 13, 2024",71.13,71.13,71.13,71.13,0.01K,-0.71%
"Feb 12, 2024",71.64,71.64,71.64,71.64,0.00K,-1.59%
"Feb 09, 2024",72.8,72.8,72.8,72.8,0.01K,-2.95%
"Feb 08, 2024",75.01,75.01,75.01,75.01,0.00K,-1.76%
"Feb 07, 2024",76.35,76.35,76.35,76.35,0.00K,-1.55%
"Feb 06, 2024",77.55,77.55,77.55,77.55,0.01K,+0.26%
"Feb 05, 2024",77.35,77.35,77.35,77.35,0.00K,-2.83%
"Feb 02, 2024",79.6,79.6,79.6,79.6,0.01K,+1.26%
"Feb 01, 2024",78.61,78.5,78.6,78.5,0.01K,-1.92%
"Jan 31, 2024",80.15,80,80.19,80,0.03K,+2.11%
"Jan 30, 2024",78.49,78.49,78.49,78.49,0.01K,+1.53%
"Jan 29, 2024",77.31,77.35,77.35,77.35,0.03K,-0.99%
"Jan 26, 2024",78.08,78.08,78.08,78.08,0.00K,+0.33%
"Jan 25, 2024",77.82,77.82,77.82,77.82,0.03K,-3.51%
"Jan 24, 2024",80.65,80.1,80.75,80.1,0.02K,+3.53%
"Jan 23, 2024",77.9,77.9,77.9,77.9,0.01K,+1.47%
"Jan 22, 2024",76.77,76.77,76.77,76.77,0.01K,-3.31%
"Jan 19, 2024",79.4,79.4,79.4,79.4,0.00K,+0.89%
"Jan 18, 2024",78.7,78.65,78.75,78.65,0.02K,+0.22%
"Jan 17, 2024",78.53,78.53,78.53,78.53,0.03K,-4.18%
"Jan 16, 2024",81.96,82.5,83,82.5,0.01K,-2.03%
"Jan 15, 2024",83.66,83.66,83.66,83.66,0.00K,-3.28%
"Jan 12, 2024",86.5,86.5,86.5,86.5,0.01K,+1.47%
"Jan 11, 2024",85.25,85.25,85.25,85.25,0.01K,-1.29%
"Jan 10, 2024",86.36,86.75,86.75,86.75,0.01K,-0.25%
"Jan 09, 2024",86.58,86.58,86.58,86.58,0.01K,-0.97%
"Jan 08, 2024",87.43,90.5,90.5,90.5,0.01K,-6.32%
"Jan 05, 2024",93.33,93.2,93.2,93.2,0.01K,+1.06%
"Jan 04, 2024",92.35,92.35,92.35,92.35,0.01K,-0.08%
"Jan 03, 2024",92.42,92.42,92.42,92.42,0.00K,+2.75%
"Jan 02, 2024",89.95,89.95,89.95,89.95,0.01K,-3.91%
"Dec 29, 2023",93.61,93.61,93.61,93.61,,-2.02%
"Dec 28, 2023",95.54,95.54,95.54,95.54,0.01K,+1.16%
"Dec 27, 2023",94.44,94.44,94.44,94.44,,+2.51%
"Dec 22, 2023",92.13,92,92,92,0.00K,-0.89%
"Dec 21, 2023",92.96,91.8,93,91.8,0.02K,+4.51%
"Dec 20, 2023",88.95,87.5,87.5,87.4,0.01K,+3.96%
"Dec 19, 2023",85.56,85.75,85.75,85.75,0.00K,-5.31%
"Dec 18, 2023",90.36,90.36,90.36,90.36,0.01K,+3.65%
"Dec 15, 2023",87.18,87.18,87.18,87.18,0.01K,-2.58%
"Dec 14, 2023",89.49,90.5,90.5,90.25,0.01K,-1.15%
"Dec 13, 2023",90.53,90.53,90.53,90.53,0.02K,+0.87%
"Dec 12, 2023",89.75,89.05,89.5,89.05,0.10K,-1.65%
"Dec 11, 2023",91.26,91.26,91.26,91.26,0.02K,-5.09%
"Dec 08, 2023",96.15,98.5,98.5,97,0.01K,-3.07%
"Dec 07, 2023",99.2,98.5,98.5,98.5,0.00K,+1.74%
"Dec 06, 2023",97.5,97.1,97.1,97.1,0.01K,+1.62%
"Dec 05, 2023",95.95,95.95,95.95,95.95,0.02K,-3.81%
"Dec 04, 2023",99.75,99.75,99.75,99.75,0.07K,-4.07%
"Dec 01, 2023",103.98,103.98,103.98,103.98,0.06K,+2.16%
"Nov 30, 2023",101.78,101.25,101.5,101.25,0.05K,+0.52%
"Nov 29, 2023",101.25,103,103,101.5,0.03K,-3.09%
"Nov 28, 2023",104.48,107,107,103.75,0.08K,-1.95%
"Nov 27, 2023",106.56,106.56,106.56,106.56,0.08K,-4.22%
"Nov 24, 2023",111.25,110.75,111.75,110.75,0.03K,-0.22%
"Nov 23, 2023",111.5,108.5,109,108.25,0.01K,+3.26%
"Nov 22, 2023",107.98,109.25,109.5,107.25,0.02K,-1.06%
"Nov 21, 2023",109.14,108.25,111.25,108.25,0.01K,-2.26%
"Nov 20, 2023",111.66,112,112.65,111.5,0.03K,-0.08%
"Nov 17, 2023",111.75,111.75,111.75,111.75,0.04K,-0.98%
"Nov 16, 2023",112.86,112.86,112.86,112.86,0.03K,-2.69%
"Nov 15, 2023",115.98,115.98,115.98,115.98,0.01K,-0.69%
"Nov 14, 2023",116.79,114,114,114,0.01K,+1.82%
"Nov 13, 2023",114.7,114.7,114.7,114.7,0.05K,+0.73%
"Nov 10, 2023",113.87,113.87,113.87,113.87,0.01K,-1.41%
"Nov 09, 2023",115.5,113.5,113.5,113.5,0.01K,+3.80%
"Nov 08, 2023",111.27,111,111.89,111,0.05K,-1.02%
"Nov 07, 2023",112.42,111.35,111.5,111.35,0.01K,+0.02%
"Nov 06, 2023",112.4,114,114,114,0.03K,-3.61%
"Nov 03, 2023",116.61,116.61,116.61,116.61,0.01K,+0.33%
"Nov 02, 2023",116.23,115.5,115.5,115.5,0.02K,+0.97%
"Nov 01, 2023",115.11,115.5,115.5,115.5,0.05K,-1.37%
"Oct 31, 2023",116.71,116,116,116,0.02K,-5.11%
"Oct 30, 2023",123,123,123,123,0.00K,-0.28%
"Oct 27, 2023",123.34,123.75,124.25,123.75,0.03K,+0.69%
"Oct 26, 2023",122.49,122,123,122,0.02K,-0.01%
"Oct 25, 2023",122.5,122.5,122.5,122.5,0.03K,-2.12%
"Oct 24, 2023",125.15,128.25,128.25,128.25,0.02K,-2.91%
"Oct 23, 2023",128.9,125.5,127.25,125.5,0.03K,-0.46%
"Oct 20, 2023",129.5,132.5,132.5,130.65,0.02K,+0.06%
"Oct 19, 2023",129.42,124.5,125.5,124.5,0.03K,+0.24%
"Oct 18, 2023",129.11,127.7,127.7,127.7,0.02K,+1.86%
"Oct 17, 2023",126.75,126,126,124.85,0.05K,-0.44%
"Oct 16, 2023",127.31,132,132,132,0.02K,-4.64%
"Oct 13, 2023",133.5,132.75,133,132.75,0.03K,+2.53%
"Oct 12, 2023",130.2,127.25,130,127.25,0.04K,+5.05%
"Oct 11, 2023",123.94,124.25,124.25,124.25,0.06K,-2.05%
"Oct 10, 2023",126.53,120.25,126.25,120.25,0.03K,+6.52%
"Oct 09, 2023",118.79,116.99,117,116.99,0.15K,+5.16%
"Oct 06, 2023",112.96,111.25,112.5,111.25,0.01K,+1.54%
"Oct 05, 2023",111.25,111.25,111.25,111.25,0.01K,-1.77%
"Oct 04, 2023",113.25,113,113,113,0.01K,+0.64%
"Oct 03, 2023",112.53,112.53,112.53,112.53,0.04K,-1.55%
"Oct 02, 2023",114.3,115,115.35,114.3,0.09K,-2.89%
"Sep 29, 2023",117.7,117,117.25,117,0.03K,-0.47%
"Sep 28, 2023",118.25,120,120.5,118.25,0.03K,-0.21%
"Sep 27, 2023",118.5,118.75,118.75,118.75,0.01K,-0.84%
"Sep 26, 2023",119.5,121.5,121.5,119.5,0.02K,-3.51%
"Sep 25, 2023",123.85,123.75,124,123.75,0.02K,+2.53%
"Sep 22, 2023",120.79,120.25,121.8,120.25,0.01K,+0.09%
"Sep 21, 2023",120.68,119.25,120,119.25,0.01K,+0.57%
"Sep 20, 2023",120,120,120.25,120,0.01K,-0.71%
"Sep 19, 2023",120.86,120.86,120.86,120.86,0.02K,+0.16%
"Sep 18, 2023",120.67,122.75,122.75,122.75,0.01K,-2.68%
"Sep 15, 2023",123.99,123,124,123,0.02K,+0.40%
"Sep 14, 2023",123.5,123.5,123.5,123.5,0.01K,-0.48%
"Sep 13, 2023",124.1,124.1,124.1,124.1,0.03K,+2.24%
"Sep 12, 2023",121.38,121.38,121.38,121.38,0.00K,-1.41%
"Sep 11, 2023",123.11,125,125,123,0.02K,+0.95%
"Sep 08, 2023",121.95,122.75,122.75,122.5,0.02K,+0.16%
"Sep 07, 2023",121.75,121.75,121.75,121.75,0.19K,+0.29%
"Sep 06, 2023",121.4,123.75,123.75,123.75,0.01K,-1.68%
"Sep 05, 2023",123.47,123.47,123.47,123.47,0.00K,-0.72%
"Sep 04, 2023",124.37,124.5,125,124.5,0.04K,-0.54%
"Sep 01, 2023",125.05,125.05,125.05,125.05,0.01K,+0.26%
"Aug 31, 2023",124.72,126.2,126.2,125,0.01K,-2.49%
"Aug 30, 2023",127.9,125.75,127.25,125.75,0.01K,+2.32%
"Aug 29, 2023",125,125,125,125,0.00K,-2.96%
"Aug 28, 2023",128.81,128,128,128,0.00K,+3.24%
"Aug 25, 2023",124.77,125,126.25,124.8,0.01K,+1.38%
"Aug 24, 2023",123.07,123.07,123.07,123.07,0.02K,-5.41%
"Aug 23, 2023",130.11,133.75,133.75,130,0.01K,-3.44%
"Aug 22, 2023",134.75,133,134.75,133,0.02K,+0.56%
"Aug 21, 2023",134,132.5,133,132.5,0.01K,+2.81%
"Aug 18, 2023",130.34,131.5,131.5,130.25,0.01K,-1.05%
"Aug 17, 2023",131.72,131,132,131,0.06K,+0.55%
"Aug 16, 2023",131,130.5,131,130.5,0.08K,-0.61%
"Aug 15, 2023",131.8,130,131,130,0.02K,+3.93%
"Aug 14, 2023",126.82,126.82,126.82,126.82,,+0.45%
"Aug 11, 2023",126.25,125,125,125,0.02K,+0.40%
"Aug 10, 2023",125.75,126,126,126,0.01K,-1.76%
"Aug 09, 2023",128,124.25,124.25,124.25,0.01K,+3.23%
"Aug 08, 2023",124,121.25,122,121.25,0.01K,+1.02%
"Aug 07, 2023",122.75,122,122.75,121.75,0.01K,+1.24%
"Aug 04, 2023",121.25,121.5,121.5,121.5,0.01K,-2.00%
"Aug 03, 2023",123.72,122.5,123.5,122.5,0.01K,+0.37%
"Aug 02, 2023",123.27,122,122,122,0.00K,-0.57%
"Aug 01, 2023",123.98,123.98,123.98,123.98,0.01K,-1.88%
"Jul 31, 2023",126.35,124,124,124,0.01K,+0.99%
"Jul 28, 2023",125.11,125.11,125.11,125.11,,-4.55%
"Jul 27, 2023",131.08,130,130,129,0.01K,+0.88%
"Jul 26, 2023",129.94,133,133,130,0.02K,-4.20%
"Jul 25, 2023",135.64,133,133,133,0.01K,+2.43%
"Jul 24, 2023",132.42,130,131.5,130,0.00K,+1.66%
"Jul 21, 2023",130.26,130.26,130.26,130.26,0.00K,-0.25%
"Jul 20, 2023",130.59,131,131,131,0.02K,+0.84%
"Jul 19, 2023",129.5,124.75,130.4,124.75,0.02K,+1.12%
"Jul 18, 2023",128.06,122,125,122,0.02K,+6.04%
"Jul 17, 2023",120.77,121.5,121.5,121.5,0.00K,-0.60%
"Jul 14, 2023",121.5,124.75,125,124,0.02K,+1.09%
"Jul 13, 2023",120.19,120.5,120.5,120.5,0.00K,+0.16%
"Jul 12, 2023",120,122.5,122.5,120,0.01K,-0.86%
"Jul 11, 2023",121.04,124.75,124.75,124.75,0.02K,-4.41%
"Jul 10, 2023",126.63,126.63,126.63,126.63,0.01K,-4.09%
"Jul 07, 2023",132.03,132.03,132.03,132.03,0.00K,+2.35%
"Jul 06, 2023",129,130,130,130,0.01K,+0.34%
"Jul 05, 2023",128.56,130.5,130.5,130.5,0.00K,-0.43%
"Jul 04, 2023",129.12,129,129,129,0.03K,+2.07%
"Jul 03, 2023",126.5,126.5,126.5,126.5,0.01K,-3.59%
"Jun 30, 2023",131.21,128,130,128,0.01K,+3.19%
"Jun 29, 2023",127.15,125,128.25,125,0.01K,-0.66%
"Jun 28, 2023",128,128,128,128,0.00K,-1.50%
"Jun 27, 2023",129.95,127,127,126,0.01K,+3.32%
"Jun 26, 2023",125.77,132,132,132,0.00K,-2.12%
"Jun 23, 2023",128.5,128,128,128,0.01K,-1.34%
"Jun 22, 2023",130.25,130,130,130,0.01K,-1.85%
"Jun 21, 2023",132.7,136,137,136,0.01K,-3.90%
"Jun 20, 2023",138.08,138.5,138.5,138.5,0.01K,+5.74%
"Jun 19, 2023",130.59,126.25,126.25,126.25,0.00K,+0.50%
"Jun 16, 2023",129.94,132,132,132,0.02K,-6.52%
"Jun 15, 2023",139,139,139,139,0.02K,+2.33%
"Jun 14, 2023",135.83,131.25,132,129.6,0.03K,+4.09%
"Jun 13, 2023",130.49,119,130,119,0.03K,+7.84%
"Jun 12, 2023",121,118.5,120.5,118.5,0.02K,-1.47%
"Jun 09, 2023",122.8,116,121,116,0.03K,+9.32%
"Jun 08, 2023",112.33,112.33,112.33,112.33,0.00K,+2.92%
"Jun 07, 2023",109.14,106.5,109,106,0.02K,+1.71%
"Jun 06, 2023",107.3,108.5,108.5,108,0.02K,-4.43%
"Jun 05, 2023",112.27,114,114,114,0.02K,+4.68%
"Jun 02, 2023",107.25,106,107,106,0.02K,+1.42%
"Jun 01, 2023",105.75,108,108,107.25,0.01K,-3.99%
"May 31, 2023",110.14,108.5,110,108.5,0.01K,+1.28%
"May 30, 2023",108.75,108.5,109,108.25,0.02K,-0.78%
"May 29, 2023",109.61,109.15,109.15,109.15,0.01K,+0.19%
"May 26, 2023",109.4,111,111,109,0.02K,-3.12%
"May 25, 2023",112.92,112.92,112.92,112.92,0.01K,-5.11%
"May 24, 2023",119,119,119,119,0.01K,-0.22%
"May 23, 2023",119.26,119.26,119.26,119.26,0.02K,-1.63%
"May 22, 2023",121.24,120,121,120,0.01K,-1.19%
"May 19, 2023",122.7,123,123,123,0.01K,+0.58%
"May 18, 2023",121.99,121.99,121.99,121.99,,-3.18%
"May 17, 2023",126,124,126,124,0.02K,+4.35%
"May 16, 2023",120.75,120,121,120,0.01K,-2.62%
"May 15, 2023",124,126,126,124.75,0.02K,-5.88%
"May 12, 2023",131.75,133.25,133.25,133.25,0.00K,-1.31%
"May 11, 2023",133.5,133.5,133.5,133.5,0.00K,-0.25%
"May 10, 2023",133.83,133.5,135,133.5,0.00K,+0.44%
"May 09, 2023",133.25,131.25,131.25,131.25,0.01K,+2.44%
"May 08, 2023",130.08,130.08,130.08,130.08,,+0.22%
"May 05, 2023",129.8,129,129,128,0.00K,+0.75%
"May 04, 2023",128.83,129,129,128.5,0.01K,-0.01%
"May 03, 2023",128.84,129.5,129.5,129.5,0.01K,-3.67%
"May 02, 2023",133.75,133.75,133.75,133.75,0.01K,-0.53%
"Apr 28, 2023",134.46,135,136,134.5,0.02K,+1.41%
"Apr 27, 2023",132.59,131,132,131,0.01K,+3.08%
"Apr 26, 2023",128.63,128,128.5,128,0.01K,-2.43%
"Apr 25, 2023",131.83,132,132.5,132,0.02K,+0.17%
"Apr 24, 2023",131.6,131,131.5,130.75,0.02K,-1.13%
"Apr 21, 2023",133.1,133.1,133.1,133.1,0.01K,-1.69%
"Apr 20, 2023",135.39,134.75,135,134.75,0.01K,-0.27%
"Apr 19, 2023",135.75,141,141,137,0.01K,-2.34%
"Apr 18, 2023",139,136,139,136,0.01K,+2.60%
"Apr 17, 2023",135.48,136,136,135,0.02K,-0.01%
"Apr 14, 2023",135.5,134,136,134,0.01K,-3.28%
"Apr 13, 2023",140.1,140,140,140,0.01K,-2.19%
"Apr 12, 2023",143.23,140,143.5,138.5,0.01K,+1.97%
"Apr 11, 2023",140.46,136,136,136,0.00K,+2.43%
"Apr 06, 2023",137.13,137.13,137.13,137.13,0.00K,-0.97%
"Apr 05, 2023",138.47,138.47,138.47,138.47,0.00K,-3.17%
"Apr 04, 2023",143,143,143,143,0.00K,-5.14%
"Apr 03, 2023",150.75,145,147.5,144,0.02K,+6.16%
"Mar 31, 2023",142,136.25,136.25,136.25,0.01K,+8.43%
"Mar 30, 2023",130.96,130.5,131,130.5,0.01K,+2.11%
"Mar 29, 2023",128.25,128.25,128.25,128.25,0.00K,+1.58%
"Mar 28, 2023",126.25,123,128.75,123,0.01K,+3.06%
"Mar 27, 2023",122.5,123,123,123,0.00K,-0.89%
"Mar 24, 2023",123.6,132.5,132.5,124,0.01K,-5.30%
"Mar 23, 2023",130.52,127.25,129.25,127.25,0.01K,+4.90%
"Mar 22, 2023",124.42,124.42,124.42,124.42,0.00K,-2.03%
"Mar 21, 2023",127,122.55,123.1,122.55,0.01K,+4.68%
"Mar 20, 2023",121.32,122,122,120.5,0.01K,-2.78%
"Mar 17, 2023",124.79,124,124,124,0.00K,+0.84%
"Mar 16, 2023",123.75,122,126,122,0.04K,+1.02%
"Mar 15, 2023",122.5,123.25,123.5,122.5,0.02K,-3.16%
"Mar 14, 2023",126.5,130.5,130.5,128.5,0.01K,-11.40%
"Mar 13, 2023",142.77,142.77,142.77,142.77,0.01K,-2.71%
"Mar 10, 2023",146.75,146.75,146.75,146.75,0.01K,+12.99%
"Mar 09, 2023",129.88,127,130,127,0.02K,+1.50%
"Mar 08, 2023",127.96,127.5,127.5,126,0.04K,+2.37%
"Mar 07, 2023",125,125.5,126.5,125,0.02K,+3.43%
"Mar 06, 2023",120.85,122,123,119.5,0.03K,-4.84%
"Mar 03, 2023",127,127,127,127,0.02K,-3.83%
"Mar 02, 2023",132.06,132.06,132.06,132.06,0.01K,-2.18%
"Mar 01, 2023",135,135,135,135,0.01K,-1.47%
"Feb 28, 2023",137.02,137.75,137.75,135.5,0.04K,-3.43%
"Feb 27, 2023",141.88,140,140,140,0.00K,-1.13%
"Feb 24, 2023",143.5,145,145,145,0.00K,+0.29%
"Feb 23, 2023",143.08,143.08,143.08,143.08,0.03K,+0.75%
"Feb 22, 2023",142.01,139.5,140.5,139.5,0.00K,+0.01%
"Feb 21, 2023",142,140.5,140.5,139.5,0.01K,-3.07%
"Feb 20, 2023",146.5,146.5,146.5,146.5,0.02K,-1.17%
"Feb 17, 2023",148.23,148.23,148.23,148.23,0.01K,-1.18%
"Feb 16, 2023",150,150.25,150.25,149.5,0.01K,-0.44%
"Feb 15, 2023",150.66,147.75,147.75,147.75,0.00K,+1.22%
"Feb 14, 2023",148.85,151,151,149.45,0.01K,+1.26%
"Feb 13, 2023",147,146,147,146,0.01K,-2.02%
"Feb 10, 2023",150.03,148.5,148.5,148.5,0.01K,+1.03%
"Feb 09, 2023",148.5,148.5,148.5,148.5,,-0.99%
"Feb 08, 2023",149.99,151,151,151,0.02K,-2.45%
"Feb 07, 2023",153.75,155.5,156,155,0.02K,-4.72%
"Feb 06, 2023",161.36,161.36,161.36,161.36,0.00K,-1.69%
"Feb 03, 2023",164.13,163,163,163,0.01K,+0.01%
"Feb 02, 2023",164.11,165,165,165,0.05K,-3.31%
"Feb 01, 2023",169.73,168,168.75,168,0.01K,+3.81%
"Jan 31, 2023",163.5,163.5,163.5,163.5,0.00K,+3.86%
"Jan 30, 2023",157.43,157.43,157.43,157.43,0.01K,+3.74%
"Jan 27, 2023",151.75,151.5,151.5,151.5,0.01K,+0.09%
"Jan 26, 2023",151.62,151.62,151.62,151.62,0.03K,-1.55%
"Jan 25, 2023",154,154.5,154.5,154.5,0.01K,-1.18%
"Jan 24, 2023",155.84,155.84,155.84,155.84,0.02K,-10.40%
"Jan 23, 2023",173.92,172,172,172,0.01K,-0.05%
"Jan 20, 2023",174,171,176,171,0.03K,+3.45%
"Jan 19, 2023",168.19,168,171,168,0.07K,+1.19%
"Jan 18, 2023",166.21,166.21,166.21,166.21,0.02K,+6.90%
"Jan 17, 2023",155.48,155.48,155.48,155.48,0.04K,+8.86%
"Jan 16, 2023",142.82,142.82,142.82,142.82,0.01K,-7.41%
"Jan 13, 2023",154.25,154.25,154.25,154.25,0.01K,-6.20%
"Jan 12, 2023",164.44,164.44,164.44,164.44,0.01K,-0.64%
"Jan 11, 2023",165.5,165.5,165.5,165.5,0.01K,-5.89%
"Jan 10, 2023",175.86,175.86,175.86,175.86,0.00K,+0.39%
"Jan 09, 2023",175.17,175.17,175.17,175.17,0.02K,+0.48%
"Jan 06, 2023",174.33,174.33,174.33,174.33,0.01K,-0.12%
"Jan 05, 2023",174.54,174.54,174.54,174.54,0.01K,-0.88%
"Jan 04, 2023",176.09,176.09,176.09,176.09,0.00K,-7.32%
"Jan 03, 2023",190,190,190,190,0.00K,-0.01%
"Jan 02, 2023",190.02,190.02,190.02,190.02,0.01K,-1.03%
"Dec 30, 2022",192,192,192,192,,-3.68%
"Dec 29, 2022",199.34,199.34,199.34,199.34,,-10.48%
"Dec 28, 2022",222.67,222.67,222.67,222.67,,-3.23%
"Dec 27, 2022",230.1,230.1,230.1,230.1,,0.00%
"Dec 23, 2022",230.09,230.09,230.09,230.09,,-3.44%
"Dec 22, 2022",238.29,240,240,240,0.01K,-4.39%
"Dec 21, 2022",249.23,253.5,253.5,253.5,0.02K,-8.67%
"Dec 20, 2022",272.89,268,268,268,0.02K,-0.75%
"Dec 19, 2022",274.96,274.96,274.96,274.96,0.02K,-4.53%
"Dec 16, 2022",288,295,295,295,0.00K,-8.23%
"Dec 15, 2022",313.84,313,313,312,0.03K,+0.27%
"Dec 14, 2022",313,313,313,313,0.01K,-5.15%
"Dec 13, 2022",330,329,330,329,0.03K,-0.44%
"Dec 12, 2022",331.45,328,330,328,0.00K,-6.10%
"Dec 09, 2022",353,343,343,343,0.01K,-1.12%
"Dec 08, 2022",357,357,357,357,0.02K,-4.16%
"Dec 07, 2022",372.5,365.5,373,365.5,0.01K,+6.43%
"Dec 06, 2022",350,345,350,345,0.03K,+0.65%
"Dec 05, 2022",347.75,347.75,347.75,347.75,0.03K,-1.47%
"Dec 02, 2022",352.95,341,350,341,0.03K,+0.56%
"Dec 01, 2022",351,353,353,353,0.01K,-1.34%
"Nov 30, 2022",355.75,343,354,343,0.01K,+4.44%
"Nov 29, 2022",340.63,335,339,335,0.02K,+4.17%
"Nov 28, 2022",327,325,327.25,325,0.01K,-0.61%
"Nov 25, 2022",329,330,330,328,0.01K,+0.46%
"Nov 24, 2022",327.5,325,326,325,0.02K,-1.65%
"Nov 23, 2022",333,334,334,333,0.01K,+2.15%
"Nov 22, 2022",326,320,326,320,0.22K,+2.84%
"Nov 21, 2022",317,312,317,312,0.02K,+4.62%
"Nov 18, 2022",303,311,311,291.5,0.04K,+0.76%
"Nov 17, 2022",300.7,290,299.25,287,0.02K,-1.25%
"Nov 16, 2022",304.52,314.5,316,309,0.05K,-0.07%
"Nov 15, 2022",304.73,304.73,304.73,304.73,0.01K,+10.81%
"Nov 14, 2022",275,273,275,273,0.01K,+0.73%
"Nov 11, 2022",273,266,271.5,266,0.01K,-5.70%
"Nov 10, 2022",289.5,295.5,295.5,285,0.04K,-3.18%
"Nov 09, 2022",299.01,297.5,303,297.5,0.01K,-2.28%
"Nov 08, 2022",306,322,322,301,0.03K,-3.35%
"Nov 07, 2022",316.6,316.6,316.6,316.6,,-5.98%
"Nov 04, 2022",336.75,336.75,336.75,336.75,0.02K,-2.86%
"Nov 03, 2022",346.65,346.65,346.65,346.65,0.01K,+1.36%
"Nov 02, 2022",342,340,342,340,0.01K,+0.26%
"Nov 01, 2022",341.13,340,340,340,0.00K,-2.53%
"Oct 31, 2022",350,350,350,350,0.01K,-6.24%
"Oct 28, 2022",373.31,374,375,374,0.02K,+3.41%
"Oct 27, 2022",361,361,361,361,0.01K,+3.92%
"Oct 26, 2022",347.39,348.5,348.5,348.5,0.02K,-0.18%
"Oct 25, 2022",348,347,348,347,0.02K,+1.30%
"Oct 24, 2022",343.53,347,347,343,0.02K,-2.41%
"Oct 21, 2022",352,350,350,347,0.01K,-4.16%
"Oct 20, 2022",367.29,366,369,366,0.01K,+3.75%
"Oct 19, 2022",354,361,363.5,361,0.01K,+0.35%
"Oct 18, 2022",352.75,352,355,352,0.01K,-5.93%
"Oct 17, 2022",375,375,375,375,0.01K,-1.32%
"Oct 14, 2022",380,380,380,379,0.01K,-2.06%
"Oct 13, 2022",388,394,394,388,0.01K,-1.39%
"Oct 12, 2022",393.46,395,397,394,0.02K,-0.15%
"Oct 11, 2022",394.06,395,395,391.5,0.02K,+2.06%
"Oct 10, 2022",386.11,380,390,380,0.01K,-0.31%
"Oct 07, 2022",387.31,390,390,390,0.04K,-0.91%
"Oct 06, 2022",390.85,394,399,394,0.04K,+2.59%
"Oct 05, 2022",381,375,379,374,0.03K,+0.86%
"Oct 04, 2022",377.75,373,375,373,0.03K,-2.72%
"Oct 03, 2022",388.32,388.32,388.32,388.32,0.01K,-3.40%
"Sep 30, 2022",402,402,402,402,0.04K,+0.32%
"Sep 29, 2022",400.7,400.7,400.7,400.7,0.03K,-6.81%
"Sep 28, 2022",430,430,430,430,0.01K,+6.17%
"Sep 27, 2022",405,405,405,405,0.01K,+3.31%
"Sep 26, 2022",392.03,392.03,392.03,392.03,0.01K,-2.19%
"Sep 23, 2022",400.79,400.79,400.79,400.79,0.00K,-3.89%
"Sep 22, 2022",417,417,417,417,0.01K,-0.95%
"Sep 21, 2022",421,433,433,425,0.01K,+10.07%
"Sep 20, 2022",382.5,382,385,382,0.02K,-0.53%
"Sep 19, 2022",384.53,384.53,384.53,384.53,,-3.87%
"Sep 16, 2022",400,400,400,400,0.00K,-6.98%
"Sep 15, 2022",430,430,430,430,0.01K,+4.88%
"Sep 14, 2022",410,410,416,410,0.01K,+8.79%
"Sep 13, 2022",376.89,376.89,376.89,376.89,0.00K,+0.37%
"Sep 12, 2022",375.5,375.5,375.5,375.5,0.01K,-5.53%
"Sep 09, 2022",397.5,397.5,397.5,397.5,0.00K,+0.13%
"Sep 08, 2022",396.98,395,395,395,0.01K,+0.74%
"Sep 07, 2022",394.07,394.07,394.07,394.07,0.01K,-1.53%
"Sep 06, 2022",400.2,400.2,400.2,400.2,0.01K,-6.60%
"Sep 05, 2022",428.5,475,475,440,0.01K,+14.99%
"Sep 02, 2022",372.65,372.65,372.65,372.65,0.02K,-2.00%
"Sep 01, 2022",380.27,370,370,370,0.01K,-4.48%
"Aug 31, 2022",398.1,398.1,398.1,398.1,0.01K,-12.72%
"Aug 30, 2022",456.12,470,475,470,0.01K,-13.94%
"Aug 29, 2022",530,525,550,525,0.04K,-24.72%
"Aug 26, 2022",704,704,704,704,0.00K,+10.87%
"Aug 25, 2022",635,635,635,635,0.06K,+12.85%
"Aug 24, 2022",562.68,547,547,547,0.04K,+1.66%
"Aug 23, 2022",553.5,553.5,553.5,553.5,0.00K,-7.81%
"Aug 22, 2022",600.4,590,590,590,0.01K,+18.04%
"Aug 19, 2022",508.63,508.63,508.63,508.63,0.00K,+5.42%
"Aug 18, 2022",482.5,482.5,482.5,482.5,0.00K,+5.14%
"Aug 17, 2022",458.91,458.91,458.91,458.91,0.00K,-0.19%
"Aug 16, 2022",459.77,445.5,447.5,445.5,0.02K,+8.10%
"Aug 15, 2022",425.3,422,425.75,422,0.01K,+4.50%
"Aug 12, 2022",406.98,400,407,400,0.03K,+1.75%
"Aug 11, 2022",400,381,400,381,0.04K,+7.47%
"Aug 10, 2022",372.21,365,373,365,0.02K,+5.44%
"Aug 09, 2022",353,351.5,351.5,351.5,0.02K,-0.05%
"Aug 08, 2022",353.19,359,360,359,0.01K,+0.47%
"Aug 05, 2022",351.54,350,350,350,0.01K,+0.44%
"Aug 04, 2022",350,355,355,347.5,0.01K,+0.82%
"Aug 03, 2022",347.17,348,348,347,0.02K,+0.19%
"Aug 02, 2022",346.5,346.5,346.5,346.5,0.00K,+3.05%
"Aug 01, 2022",336.25,337,341,337,0.01K,+4.94%
"Jul 29, 2022",320.41,325.5,325.5,325.5,0.01K,-1.22%
"Jul 28, 2022",324.37,324.37,324.37,324.37,0.03K,-0.89%
"Jul 27, 2022",327.28,342,342,342,0.01K,+0.05%
"Jul 26, 2022",327.12,324,326,324,0.02K,+8.28%
"Jul 25, 2022",302.1,297,308.5,296,0.01K,+1.80%
"Jul 22, 2022",296.76,300,300,300,0.01K,+3.04%
"Jul 21, 2022",288,286,288,286,0.02K,-1.54%
"Jul 20, 2022",292.5,298,300,292,0.01K,-3.21%
"Jul 19, 2022",302.2,303,303,303,0.00K,+0.07%
"Jul 18, 2022",302,302,302,302,,-1.08%
"Jul 15, 2022",305.3,305.3,305.3,305.3,0.00K,-4.44%
"Jul 14, 2022",319.5,319.5,319.5,319.5,0.00K,+0.66%
"Jul 13, 2022",317.4,317.4,317.4,317.4,0.00K,+0.85%
"Jul 12, 2022",314.74,314.74,314.74,314.74,0.00K,+1.38%
"Jul 11, 2022",310.47,310.47,310.47,310.47,0.01K,+1.80%
"Jul 08, 2022",304.97,304,305,304,0.01K,-4.55%
"Jul 07, 2022",319.5,319.5,319.5,319.5,0.02K,+17.33%
"Jul 06, 2022",272.3,270.5,278.5,270.5,0.02K,+2.95%
"Jul 05, 2022",264.5,264.5,264.5,264.5,0.01K,+1.73%
"Jul 04, 2022",260,253,265,253,0.01K,+9.24%
"Jul 01, 2022",238,238,238,238,,+0.39%
"Jun 30, 2022",237.08,238,238,238,0.00K,+2.19%
"Jun 29, 2022",232,231.25,232,231,0.02K,+4.04%
"Jun 28, 2022",223,224,224,223,0.03K,-0.22%
"Jun 27, 2022",223.5,225,225,223.5,0.01K,+0.61%
"Jun 24, 2022",222.14,224,224,224,0.00K,-0.94%
"Jun 23, 2022",224.24,218,225,218,0.02K,+6.02%
"Jun 22, 2022",211.5,212,212,211,0.01K,+1.44%
"Jun 21, 2022",208.5,207,207,207,0.01K,+1.21%
"Jun 20, 2022",206,202,205,202,0.04K,+0.82%
"Jun 17, 2022",204.32,204,206,204,0.02K,-3.33%
"Jun 16, 2022",211.35,215,215,215,0.00K,+7.83%
"Jun 15, 2022",196,193,194.25,193,0.01K,+4.85%
"Jun 14, 2022",186.94,185.5,185.5,185.5,0.02K,+1.60%
"Jun 13, 2022",184,183.5,183.5,183.5,0.02K,+0.27%
"Jun 10, 2022",183.5,183,185,183,0.03K,-2.57%
"Jun 09, 2022",188.35,188.35,188.35,188.35,0.01K,-1.90%
"Jun 08, 2022",192,194.5,194.5,193.25,0.01K,-3.30%
"Jun 07, 2022",198.55,200,200,198,0.02K,-0.85%
"Jun 06, 2022",200.26,200.26,200.26,200.26,,-0.56%
"Jun 03, 2022",201.38,202,202,202,0.00K,+2.66%
"Jun 02, 2022",196.17,196.17,196.17,196.17,0.00K,+0.60%
"Jun 01, 2022",195,195,196.25,193.5,0.02K,+0.58%
"May 31, 2022",193.87,196,196,196,0.01K,+0.71%
"May 30, 2022",192.5,193.2,193.2,192.2,0.01K,+0.26%
"May 27, 2022",192,192,192,192,0.00K,+4.25%
"May 26, 2022",184.18,184.18,184.18,184.18,,+1.10%
"May 25, 2022",182.18,184,184,184,0.00K,+1.27%
"May 24, 2022",179.89,179.89,179.89,179.89,0.00K,+0.10%
"May 23, 2022",179.71,179.71,179.71,179.71,0.00K,-2.65%
"May 20, 2022",184.6,184.6,184.6,184.6,,+0.46%
"May 19, 2022",183.75,183.75,183.75,183.75,0.01K,-3.16%
"May 18, 2022",189.75,192.5,192.5,192.5,0.02K,-0.46%
"May 17, 2022",190.63,194,194,194,0.00K,+2.86%
"May 16, 2022",185.33,187,187,187,0.02K,-1.03%
"May 13, 2022",187.25,189.55,189.55,186.75,0.01K,-2.47%
"May 12, 2022",192,192,192,192,0.01K,+1.81%
"May 11, 2022",188.59,188.59,188.59,188.59,0.01K,+1.94%
"May 10, 2022",185,185.5,186,185.5,0.01K,-2.89%
"May 09, 2022",190.5,190.5,190.5,190.5,0.01K,-5.22%
"May 06, 2022",201,201,201,201,0.01K,-0.50%
"May 05, 2022",202,202,202,202,0.01K,+4.10%
"May 04, 2022",194.04,196,196,196,0.01K,+4.89%
"May 03, 2022",185,185,185,185,0.01K,+2.64%
"May 02, 2022",180.25,180.25,180.25,180.25,0.01K,-1.01%
"Apr 29, 2022",182.08,182.08,182.08,182.08,0.00K,-0.12%
"Apr 28, 2022",182.3,182.3,182.3,182.3,0.00K,-1.21%
"Apr 27, 2022",184.53,184.53,184.53,184.53,,+2.59%
"Apr 26, 2022",179.88,179.88,179.88,179.88,0.00K,-4.91%
"Apr 25, 2022",189.17,189.17,189.17,189.17,,+0.20%
"Apr 22, 2022",188.8,188.8,188.8,188.8,,+0.56%
"Apr 21, 2022",187.75,185.5,185.5,185.5,0.01K,+1.39%
"Apr 20, 2022",185.18,185.18,185.18,185.18,0.00K,+3.74%
"Apr 19, 2022",178.5,178.5,178.5,178.5,,-2.46%
"Apr 14, 2022",183,183,183,183,0.01K,-0.72%
"Apr 13, 2022",184.32,184.32,184.32,184.32,0.00K,+2.29%
"Apr 12, 2022",180.19,180.19,180.19,180.19,0.01K,+2.48%
"Apr 11, 2022",175.83,175.83,175.83,175.83,0.00K,-0.24%
"Apr 08, 2022",176.25,176.25,176.25,176.25,,+1.15%
"Apr 07, 2022",174.25,174.25,174.25,174.25,0.01K,+1.34%
"Apr 06, 2022",171.94,171.94,171.94,171.94,0.00K,+1.75%
"Apr 05, 2022",168.99,168.99,168.99,168.99,,+1.28%
"Apr 04, 2022",166.85,166.85,166.85,166.85,0.00K,-2.14%
"Apr 01, 2022",170.49,170.49,170.49,170.49,0.01K,+0.69%
"Mar 31, 2022",169.32,169.32,169.32,169.32,,-3.28%
"Mar 30, 2022",175.07,175.07,175.07,175.07,,+3.24%
"Mar 29, 2022",169.57,170,170,170,0.00K,+4.76%
"Mar 28, 2022",161.87,161.87,161.87,161.87,,-0.17%
"Mar 25, 2022",162.15,162.15,162.15,162.15,,-3.56%
"Mar 24, 2022",168.13,168.13,168.13,168.13,0.00K,+1.20%
"Mar 23, 2022",166.13,166.13,166.13,166.13,0.00K,+5.82%
"Mar 22, 2022",157,157,157,157,,+2.28%
"Mar 21, 2022",153.5,153.5,153.5,153.5,0.01K,-0.02%
"Mar 18, 2022",153.53,153.53,153.53,153.53,,+0.08%
"Mar 17, 2022",153.41,153.41,153.41,153.41,,+1.14%
"Mar 16, 2022",151.68,151.68,151.68,151.68,0.01K,-3.70%
"Mar 15, 2022",157.5,157.5,157.5,157.5,,+0.19%
"Mar 14, 2022",157.2,157.2,157.2,157.2,0.00K,-1.62%
"Mar 11, 2022",159.79,158,158,158,0.00K,+0.50%
"Mar 10, 2022",159,158.75,159,158.75,0.01K,-6.51%
"Mar 09, 2022",170.07,173.5,173.5,169,0.01K,-7.46%
"Mar 08, 2022",183.78,183.78,183.78,183.78,0.01K,+5.02%
"Mar 07, 2022",175,175,175,175,0.01K,+5.25%
"Mar 04, 2022",166.27,166.27,166.27,166.27,0.04K,+1.58%
"Mar 03, 2022",163.69,168,168,163,0.04K,-0.19%
"Mar 02, 2022",164,164,164,164,,+8.88%
"Mar 01, 2022",150.63,150.63,150.63,150.63,0.00K,+2.64%
"Feb 28, 2022",146.75,146.75,146.75,146.75,,+3.57%
"Feb 25, 2022",141.69,142,142,142,0.02K,-20.17%
"Feb 24, 2022",177.5,177.5,177.5,177.5,0.03K,+17.63%
"Feb 23, 2022",150.9,150.9,150.9,150.9,0.01K,+5.75%
"Feb 22, 2022",142.69,139,143,139,0.01K,+6.67%
"Feb 21, 2022",133.77,134,134,134,0.00K,+1.74%
"Feb 18, 2022",131.48,130.5,131.5,130.5,0.01K,-0.26%
"Feb 17, 2022",131.82,131.82,131.82,131.82,,-0.14%
"Feb 16, 2022",132,132.5,132.5,132.5,0.01K,-2.40%
"Feb 15, 2022",135.25,135.25,135.25,135.25,0.00K,-3.39%
"Feb 14, 2022",140,140,140,140,0.00K,+3.13%
"Feb 11, 2022",135.75,135.75,135.75,135.75,,+3.28%
"Feb 10, 2022",131.44,131.44,131.44,131.44,0.00K,-3.43%
"Feb 09, 2022",136.11,136.5,136.5,136.5,0.00K,-2.59%
"Feb 08, 2022",139.73,139.73,139.73,139.73,,+2.90%
"Feb 07, 2022",135.79,135.79,135.79,135.79,0.00K,-1.57%
"Feb 04, 2022",137.95,138.5,138.5,138,0.01K,+4.56%
"Feb 03, 2022",131.94,132.75,132.75,132.75,0.01K,-1.09%
"Feb 02, 2022",133.4,133,133.5,133,0.01K,+4.63%
"Feb 01, 2022",127.5,127.5,127.5,127.5,0.02K,-8.44%
"Jan 31, 2022",139.25,138.75,138.75,138.75,0.01K,-0.21%
"Jan 28, 2022",139.55,140.75,140.75,140.75,0.01K,+3.74%
"Jan 27, 2022",134.52,133.5,134.5,133.5,0.01K,+2.50%
"Jan 26, 2022",131.24,130.1,131,130.1,0.01K,+3.14%
"Jan 25, 2022",127.25,127.25,127.25,127.25,0.00K,+1.80%
"Jan 24, 2022",125,125,125,125,0.01K,+6.79%
"Jan 21, 2022",117.05,117.05,117.05,117.05,0.01K,+1.57%
"Jan 20, 2022",115.24,115.24,115.24,115.24,,+2.89%
"Jan 19, 2022",112,112,112,112,,-1.55%
"Jan 18, 2022",113.76,113.76,113.76,113.76,0.02K,+1.66%
"Jan 17, 2022",111.9,112,112,112,0.01K,+0.81%
"Jan 14, 2022",111,111,111,111,,+2.78%
"Jan 13, 2022",108,108,108,108,0.00K,-3.60%
"Jan 12, 2022",112.03,115,115,115,0.00K,-5.06%
"Jan 11, 2022",118,119,119,117.25,0.01K,-0.38%
"Jan 10, 2022",118.45,119,119,119,0.00K,-2.88%
"Jan 07, 2022",121.96,126.5,126.5,126.5,0.00K,-6.00%
"Jan 06, 2022",129.75,129.75,129.75,129.75,,-0.94%
"Jan 05, 2022",130.98,131.5,132,131.5,0.01K,-1.55%
"Jan 04, 2022",133.04,132.5,132.5,132.5,0.01K,+16.70%
"Jan 03, 2022",114,114,114,114,,+0.80%
"Dec 30, 2021",113.1,113.1,113.1,113.1,,-48.82%
"Dec 29, 2021",221,221,221,221,,+0.54%
"Dec 28, 2021",219.81,219.81,219.81,219.81,0.00K,-0.99%
"Dec 27, 2021",222,222,222,222,,-18.90%
"Dec 23, 2021",273.75,273.75,273.75,273.75,0.00K,-14.80%
"Dec 22, 2021",321.3,321.3,321.3,321.3,0.02K,+2.00%
"Dec 21, 2021",315,275,304,275,0.02K,+25.00%
"Dec 20, 2021",252,252.5,252.5,252.5,0.01K,+4.63%
"Dec 17, 2021",240.84,239.25,239.25,239.25,0.01K,+0.35%
"Dec 16, 2021",240,219,219,219,0.04K,+19.40%
"Dec 15, 2021",201,199.35,201,199.15,0.03K,-1.83%
"Dec 14, 2021",204.74,202,202.5,202,0.01K,-0.22%
"Dec 13, 2021",205.2,203.5,205.75,203.5,0.01K,+13.06%
"Dec 10, 2021",181.5,178.5,182,178.5,0.02K,-0.55%
"Dec 09, 2021",182.5,178,182,178,0.02K,-2.67%
"Dec 08, 2021",187.5,186.4,186.4,186.4,0.06K,+13.71%
"Dec 07, 2021",164.9,161,165.25,161,0.03K,+8.31%
"Dec 06, 2021",152.25,151.5,153.4,151.5,0.02K,+1.96%
"Dec 03, 2021",149.32,149.35,149.35,149.35,0.00K,+0.89%
"Dec 02, 2021",148,148,148,148,0.01K,+2.83%
"Dec 01, 2021",143.93,143.93,143.93,143.93,0.02K,+2.81%
"Nov 30, 2021",140,141.3,141.3,140.75,0.04K,+0.44%
"Nov 29, 2021",139.38,139.38,139.38,139.38,0.01K,+2.67%
"Nov 26, 2021",135.75,135.75,135.75,135.75,,-3.74%
"Nov 25, 2021",141.03,142,142,142,0.01K,+4.12%
"Nov 24, 2021",135.45,135.5,135.5,135.5,0.01K,+1.23%
"Nov 23, 2021",133.81,133.81,133.81,133.81,,+2.54%
"Nov 22, 2021",130.5,130.5,130.5,130.5,0.00K,+0.19%
"Nov 19, 2021",130.25,130,130,130,0.01K,-3.71%
"Nov 18, 2021",135.27,135.27,135.27,135.27,,-3.03%
"Nov 17, 2021",139.5,139.5,139.5,139.5,,+8.35%
"Nov 16, 2021",128.75,128.75,128.75,128.75,,+6.23%
"Nov 15, 2021",121.2,121.2,121.2,121.2,0.01K,+2.28%
"Nov 12, 2021",118.5,118.5,118.5,118.5,0.01K,+3.39%
"Nov 11, 2021",114.62,114.62,114.62,114.62,,+2.80%
"Nov 10, 2021",111.5,111.5,111.5,111.5,,-6.43%
"Nov 09, 2021",119.16,119.16,119.16,119.16,0.01K,-2.17%
"Nov 08, 2021",121.8,121.8,121.8,121.8,0.01K,+2.35%
"Nov 05, 2021",119,119,119,119,0.03K,-0.49%
"Nov 04, 2021",119.59,119.59,119.59,119.59,,-1.57%
"Nov 03, 2021",121.5,121.5,121.5,121.5,0.02K,+8.48%
"Nov 02, 2021",112,112,112,112,0.01K,+1.07%
"Nov 01, 2021",110.81,110.81,110.81,110.81,,-2.58%
"Oct 29, 2021",113.75,113.75,113.75,113.75,,-5.95%
"Oct 28, 2021",120.94,121,121,121,0.00K,-3.44%
"Oct 27, 2021",125.25,125.25,125.25,125.25,0.01K,-2.53%
"Oct 26, 2021",128.5,128.5,128.5,128.5,,+0.47%
"Oct 25, 2021",127.9,127.9,127.9,127.9,0.00K,+1.91%
"Oct 22, 2021",125.5,125.5,125.5,125.5,,+1.41%
"Oct 21, 2021",123.75,123.75,123.75,123.75,0.00K,-3.15%
"Oct 20, 2021",127.77,127.77,127.77,127.77,,+0.76%
"Oct 19, 2021",126.81,126.81,126.81,126.81,0.02K,-3.20%
"Oct 18, 2021",131,133,134,132.75,0.01K,-2.88%
"Oct 15, 2021",134.88,134,134,134,0.02K,+0.41%
"Oct 14, 2021",134.33,134.33,134.33,134.33,,+7.25%
"Oct 13, 2021",125.25,126,126,126,0.00K,+2.24%
"Oct 12, 2021",122.5,122.5,122.5,122.5,0.02K,-0.88%
"Oct 11, 2021",123.59,123.59,123.59,123.59,0.00K,+1.14%
"Oct 08, 2021",122.2,122.2,122.2,122.2,,-4.53%
"Oct 07, 2021",128,128,128,128,,-6.90%
"Oct 06, 2021",137.48,137.48,137.48,137.48,0.00K,-14.50%
"Oct 05, 2021",160.8,160.8,160.8,160.8,0.01K,+10.06%
"Oct 04, 2021",146.1,143.25,143.25,143.25,0.01K,+7.81%
"Oct 01, 2021",135.52,135.52,135.52,135.52,0.00K,+2.93%
"Sep 30, 2021",131.66,131.66,131.66,131.66,0.01K,+9.49%
"Sep 29, 2021",120.25,121.5,121.5,121.5,0.02K,+1.26%
"Sep 28, 2021",118.75,121.9,121.9,118,0.01K,+2.62%
"Sep 27, 2021",115.72,115.72,115.72,115.72,0.01K,+6.26%
"Sep 24, 2021",108.9,108.9,108.9,108.9,0.01K,+3.43%
"Sep 23, 2021",105.29,105.29,105.29,105.29,0.01K,+0.25%
"Sep 22, 2021",105.03,105.03,105.03,105.03,0.01K,-0.43%
"Sep 21, 2021",105.48,105.48,105.48,105.48,0.01K,-1.18%
"Sep 20, 2021",106.74,106.74,106.74,106.74,,+4.96%
"Sep 17, 2021",101.7,101.7,101.7,101.7,0.00K,+3.21%
"Sep 16, 2021",98.54,98.54,98.54,98.54,,-7.34%
"Sep 15, 2021",106.35,106.35,106.35,106.35,0.07K,+4.82%
"Sep 14, 2021",101.46,101.46,101.46,101.46,0.04K,+0.10%
"Sep 13, 2021",101.36,101.36,101.36,101.36,,+3.61%
"Sep 10, 2021",97.83,97.83,97.83,97.83,0.00K,+0.34%
"Sep 09, 2021",97.5,97.5,97.5,97.5,0.02K,+2.09%
"Sep 08, 2021",95.5,95.5,95.5,95.5,,+2.30%
"Sep 07, 2021",93.35,93.35,93.35,93.35,0.01K,+1.15%
"Sep 06, 2021",92.29,92.29,92.29,92.29,,+0.89%
"Sep 03, 2021",91.48,91.48,91.48,91.48,,+1.36%
"Sep 02, 2021",90.25,90.25,90.25,90.25,,+0.13%
"Sep 01, 2021",90.13,90.13,90.13,90.13,0.01K,+2.14%
"Aug 31, 2021",88.24,88.24,88.24,88.24,,+0.85%
"Aug 30, 2021",87.5,87.85,87.85,87.85,0.00K,+2.34%
"Aug 27, 2021",85.5,85.5,85.5,85.5,,+1.06%
"Aug 26, 2021",84.6,84.6,84.6,84.6,0.01K,+0.59%
"Aug 25, 2021",84.1,84.1,84.1,84.1,,-0.04%
"Aug 24, 2021",84.13,84.13,84.13,84.13,0.00K,+2.35%
"Aug 23, 2021",82.2,82.8,82.8,82.8,0.00K,+2.88%
"Aug 20, 2021",79.9,79.9,79.9,79.9,0.00K,-1.36%
"Aug 19, 2021",81,81,81,81,0.00K,-5.66%
"Aug 18, 2021",85.86,85.86,85.86,85.86,0.01K,-0.61%
"Aug 17, 2021",86.39,86.25,86.25,86.25,0.01K,+0.38%
"Aug 16, 2021",86.06,86.3,86.3,86.3,0.02K,+3.30%
"Aug 13, 2021",83.31,83.31,83.31,83.31,0.01K,-1.62%
"Aug 12, 2021",84.68,84.68,84.68,84.68,0.01K,+2.11%
"Aug 11, 2021",82.93,81.7,81.7,81.7,0.00K,+1.72%
"Aug 10, 2021",81.53,81.53,81.53,81.53,0.00K,+1.86%
"Aug 09, 2021",80.04,80.04,80.04,80.04,,+0.28%
"Aug 06, 2021",79.82,79.82,79.82,79.82,0.00K,+3.29%
"Aug 05, 2021",77.28,77.28,77.28,77.28,0.00K,+0.55%
"Aug 04, 2021",76.86,76.86,76.86,76.86,,+0.39%
"Aug 03, 2021",76.56,76.56,76.56,76.56,,-0.89%
"Aug 02, 2021",77.25,77.25,77.25,77.25,0.01K,+2.69%
"Jul 30, 2021",75.23,75.23,75.23,75.23,,-0.50%
"Jul 29, 2021",75.61,75.61,75.61,75.61,0.00K,+1.52%
"Jul 28, 2021",74.48,74,74,74,0.01K,+1.96%
"Jul 27, 2021",73.05,73.05,73.05,73.05,0.00K,+1.12%
"Jul 26, 2021",72.24,71.85,71.85,71.85,0.01K,+2.48%
"Jul 23, 2021",70.49,70.49,70.49,70.49,,+0.87%
"Jul 22, 2021",69.88,69.88,69.88,69.88,,-1.23%
"Jul 21, 2021",70.75,70.75,70.75,70.75,,+1.67%
"Jul 20, 2021",69.59,69.59,69.59,69.59,,-2.52%
"Jul 19, 2021",71.39,71.39,71.39,71.39,0.01K,+0.27%
"Jul 16, 2021",71.2,71.25,71.25,71.25,0.01K,+0.58%
"Jul 15, 2021",70.79,70.79,70.79,70.79,,-0.67%
"Jul 14, 2021",71.27,71.27,71.27,71.27,,-0.18%
"Jul 13, 2021",71.4,71.4,71.4,71.4,,+0.24%
"Jul 12, 2021",71.23,71.23,71.23,71.23,,-1.51%
"Jul 09, 2021",72.32,72.32,72.32,72.32,,+2.57%
"Jul 08, 2021",70.51,70.51,70.51,70.51,,-0.69%
"Jul 07, 2021",71,71,71,71,,-1.99%
"Jul 06, 2021",72.44,72.44,72.44,72.44,0.00K,-3.19%
"Jul 05, 2021",74.83,74.83,74.83,74.83,,+1.82%
"Jul 02, 2021",73.49,73.49,73.49,73.49,0.01K,-0.03%
"Jul 01, 2021",73.51,73.51,73.51,73.51,,+3.01%
"Jun 30, 2021",71.36,71.36,71.36,71.36,,+1.48%
"Jun 29, 2021",70.32,70.32,70.32,70.32,0.01K,+2.14%
"Jun 28, 2021",68.85,68.85,68.85,68.85,,+0.34%
"Jun 25, 2021",68.62,68.62,68.62,68.62,0.01K,+0.15%
"Jun 24, 2021",68.52,68.52,68.52,68.52,0.01K,+0.65%
"Jun 23, 2021",68.08,67.5,67.5,67.5,0.01K,+2.41%
"Jun 22, 2021",66.48,66.48,66.48,66.48,0.00K,+0.96%
"Jun 21, 2021",65.85,65.85,65.85,65.85,0.00K,+1.84%
"Jun 18, 2021",64.66,64.66,64.66,64.66,0.01K,+1.59%
"Jun 17, 2021",63.65,63.65,63.65,63.65,,-1.53%
"Jun 16, 2021",64.64,64.8,64.8,64.8,0.01K,+0.94%
"Jun 15, 2021",64.04,64.04,64.04,64.04,,-2.26%
"Jun 14, 2021",65.52,65.52,65.52,65.52,,+1.42%
"Jun 11, 2021",64.6,64.6,64.6,64.6,0.01K,-1.10%
"Jun 10, 2021",65.32,65.32,65.32,65.32,0.01K,+1.22%
"Jun 09, 2021",64.53,64.53,64.53,64.53,,+1.49%
"Jun 08, 2021",63.58,63.58,63.58,63.58,,+2.48%
"Jun 07, 2021",62.04,62.04,62.04,62.04,,+1.21%
"Jun 04, 2021",61.3,61.3,61.3,61.3,0.00K,+0.82%
"Jun 03, 2021",60.8,60.8,60.8,60.8,,-1.62%
"Jun 02, 2021",61.8,61.8,61.8,61.8,,-2.18%
"Jun 01, 2021",63.18,63.18,63.18,63.18,0.00K,+2.33%
"May 31, 2021",61.74,61.74,61.74,61.74,,-0.96%
"May 28, 2021",62.34,62.34,62.34,62.34,,-0.49%
"May 27, 2021",62.65,62.65,62.65,62.65,0.00K,-2.87%
"May 26, 2021",64.5,64.5,64.5,64.5,0.01K,+1.77%
"May 25, 2021",63.38,63.38,63.38,63.38,,+1.41%
"May 24, 2021",62.5,62.5,62.5,62.5,,-0.64%
"May 21, 2021",62.9,62.9,62.9,62.9,,+1.19%
"May 20, 2021",62.16,62.16,62.16,62.16,,+4.82%
"May 19, 2021",59.3,59.3,59.3,59.3,0.01K,-8.00%
"May 18, 2021",64.46,64.46,64.46,64.46,0.01K,-3.75%
"May 17, 2021",66.97,66.35,66.35,66.35,0.01K,+0.18%
"May 14, 2021",66.85,66.85,66.85,66.85,,+2.01%
"May 13, 2021",65.53,65,65,65,0.01K,-1.09%
"May 12, 2021",66.25,66.25,66.25,66.25,0.04K,+3.11%
"May 11, 2021",64.25,64.25,64.25,64.25,0.03K,+1.10%
"May 10, 2021",63.55,63.05,63.05,63.05,0.02K,+3.72%
"May 07, 2021",61.27,61.1,61.1,61.1,0.01K,-0.37%
"May 06, 2021",61.5,61.5,61.5,61.5,0.01K,+2.88%
"May 05, 2021",59.78,59.78,59.78,59.78,0.01K,+0.81%
"May 04, 2021",59.3,59.3,59.3,59.3,0.01K,-0.39%
"May 03, 2021",59.53,59.53,59.53,59.53,,+1.54%
"Apr 30, 2021",58.63,58.63,58.63,58.63,0.00K,+1.05%
"Apr 29, 2021",58.02,57.1,57.1,57.1,0.00K,+1.34%
"Apr 28, 2021",57.25,57.25,57.25,57.25,,+0.03%
"Apr 27, 2021",57.23,57.23,57.23,57.23,,+1.11%
"Apr 26, 2021",56.6,56.6,56.6,56.6,,+0.25%
"Apr 23, 2021",56.46,56.46,56.46,56.46,,-1.77%
"Apr 22, 2021",57.48,57.48,57.48,57.48,,+1.99%
"Apr 21, 2021",56.36,56.36,56.36,56.36,0.00K,+0.95%
"Apr 20, 2021",55.83,55.95,55.95,55.95,0.00K,-0.39%
"Apr 19, 2021",56.05,55.95,55.95,55.95,0.01K,+0.52%
"Apr 16, 2021",55.76,55.95,55.95,55.95,0.01K,+0.89%
"Apr 15, 2021",55.27,55.27,55.27,55.27,0.01K,+1.88%
"Apr 14, 2021",54.25,54.25,54.25,54.25,,-1.58%
"Apr 13, 2021",55.12,54.95,54.95,54.95,0.00K,+0.15%
"Apr 12, 2021",55.04,55,55,55,0.00K,+0.99%
"Apr 09, 2021",54.5,54.5,54.5,54.5,,-0.40%
"Apr 08, 2021",54.72,54.72,54.72,54.72,0.01K,-1.21%
"Apr 07, 2021",55.39,55.39,55.39,55.39,,-0.56%
"Apr 06, 2021",55.7,55.45,55.45,55.45,0.01K,+1.75%
"Apr 01, 2021",54.74,54.74,54.74,54.74,,+0.51%
"Mar 31, 2021",54.46,54.46,54.46,54.46,,+0.42%
"Mar 30, 2021",54.23,54.23,54.23,54.23,0.00K,+0.54%
"Mar 29, 2021",53.94,53.94,53.94,53.94,0.00K,-0.11%
"Mar 26, 2021",54,54,54,54,,+1.77%
"Mar 25, 2021",53.06,53.06,53.06,53.06,,-1.25%
"Mar 24, 2021",53.73,53.73,53.73,53.73,0.01K,-0.41%
"Mar 23, 2021",53.95,53.95,53.95,53.95,,-0.81%
"Mar 22, 2021",54.39,54.39,54.39,54.39,,+2.05%
"Mar 19, 2021",53.3,53.3,53.3,53.3,,-1.33%
"Mar 18, 2021",54.02,54.1,54.1,54.1,0.01K,+0.99%
"Mar 17, 2021",53.49,53.49,53.49,53.49,,+0.70%
"Mar 16, 2021",53.12,53.12,53.12,53.12,,-1.87%
"Mar 15, 2021",54.13,54.13,54.13,54.13,,-0.13%
"Mar 12, 2021",54.2,54.2,54.2,54.2,,+1.29%
"Mar 11, 2021",53.51,53.51,53.51,53.51,,-0.02%
"Mar 10, 2021",53.52,53.52,53.52,53.52,0.02K,+2.37%
"Mar 09, 2021",52.28,52.3,52.3,52.3,0.01K,+1.69%
"Mar 08, 2021",51.41,51.41,51.41,51.41,,+0.80%
"Mar 05, 2021",51,50.85,50.85,50.85,0.00K,+1.78%
"Mar 04, 2021",50.11,50.11,50.11,50.11,,+0.82%
"Mar 03, 2021",49.7,49.7,49.7,49.7,,-0.80%
"Mar 02, 2021",50.1,50.2,50.2,50.2,0.00K,+0.10%
"Mar 01, 2021",50.05,50.05,50.05,50.05,0.00K,-0.20%
"Feb 26, 2021",50.15,50.15,50.15,50.15,0.02K,-1.34%
"Feb 25, 2021",50.83,50.83,50.83,50.83,0.01K,+0.73%
"Feb 24, 2021",50.46,50.46,50.46,50.46,0.00K,+1.59%
"Feb 23, 2021",49.67,49.67,49.67,49.67,,+0.38%
"Feb 22, 2021",49.48,49.48,49.48,49.48,0.00K,-1.53%
"Feb 19, 2021",50.25,50.25,50.25,50.25,,-0.28%
"Feb 18, 2021",50.39,50.39,50.39,50.39,,+0.04%
"Feb 17, 2021",50.37,50.37,50.37,50.37,0.00K,-0.73%
"Feb 16, 2021",50.74,50.74,50.74,50.74,,-0.12%
"Feb 15, 2021",50.8,50.8,50.8,50.8,0.01K,+0.12%
"Feb 12, 2021",50.74,50.74,50.74,50.74,,-0.55%
"Feb 11, 2021",51.02,51.02,51.02,51.02,0.00K,-1.71%
"Feb 10, 2021",51.91,51.91,51.91,51.91,,+0.50%
"Feb 09, 2021",51.65,51.65,51.65,51.65,0.02K,0.00%
"Feb 08, 2021",51.65,51.65,51.65,51.65,0.01K,+1.12%
"Feb 05, 2021",51.08,51.08,51.08,51.08,,+1.98%
"Feb 04, 2021",50.09,50.09,50.09,50.09,0.00K,+1.19%
"Feb 03, 2021",49.5,49.5,49.5,49.5,0.00K,+2.38%
"Feb 02, 2021",48.35,48.35,48.35,48.35,,+2.22%
"Feb 01, 2021",47.3,47.3,47.3,47.3,,-1.03%
"Jan 29, 2021",47.79,47.79,47.79,47.79,,-0.85%
"Jan 28, 2021",48.2,48.2,48.2,48.2,,+1.90%
"Jan 27, 2021",47.3,47.3,47.3,47.3,,+0.04%
"Jan 26, 2021",47.28,47.28,47.28,47.28,,-1.70%
"Jan 25, 2021",48.1,48.1,48.1,48.1,0.01K,-1.23%
"Jan 22, 2021",48.7,48.7,48.7,48.7,0.00K,+0.68%
"Jan 21, 2021",48.37,48.45,48.45,48.45,0.01K,+0.77%
"Jan 20, 2021",48,48,48,48,,+1.07%
"Jan 19, 2021",47.49,47.49,47.49,47.49,,+2.24%
"Jan 18, 2021",46.45,46.45,46.45,46.45,0.00K,0.00%
"Jan 15, 2021",46.45,46.45,46.45,46.45,,-2.17%
"Jan 14, 2021",47.48,47.48,47.48,47.48,0.01K,-0.67%
"Jan 13, 2021",47.8,47.8,47.8,47.8,,-2.75%
"Jan 12, 2021",49.15,49.15,49.15,49.15,,+2.52%
"Jan 11, 2021",47.94,48,48,48,0.00K,-0.23%
"Jan 08, 2021",48.05,48.05,48.05,48.05,,+0.90%
"Jan 07, 2021",47.62,47.62,47.62,47.62,,+2.17%
"Jan 06, 2021",46.61,46.65,46.65,46.5,0.01K,-0.06%
"Jan 05, 2021",46.64,46.65,46.65,46.65,0.01K,-2.53%
"Jan 04, 2021",47.85,47.85,47.85,47.85,0.00K,+1.79%
"Dec 31, 2020",47.01,47.01,47.01,47.01,,0.00%
"Dec 30, 2020",47.01,47.01,47.01,47.01,,-4.22%
"Dec 29, 2020",49.08,49.08,49.08,49.08,0.02K,-1.13%
"Dec 28, 2020",49.64,49.64,49.64,49.64,,+4.22%
"Dec 24, 2020",47.63,47.63,47.63,47.63,,0.00%
"Dec 23, 2020",47.63,47.63,47.63,47.63,,+0.21%
"Dec 22, 2020",47.53,47.53,47.53,47.53,,+3.71%
"Dec 21, 2020",45.83,45.83,45.83,45.83,,+1.62%
"Dec 18, 2020",45.1,45.1,45.1,45.1,0.00K,-1.10%
"Dec 17, 2020",45.6,45.6,45.6,45.6,,-1.41%
"Dec 16, 2020",46.25,46.25,46.25,46.25,,-1.74%
"Dec 15, 2020",47.07,47.07,47.07,47.07,0.02K,+1.05%
"Dec 14, 2020",46.58,46.58,46.58,46.58,0.01K,+3.42%
"Dec 11, 2020",45.04,45.04,45.04,45.04,,+0.99%
"Dec 10, 2020",44.6,44.6,44.6,44.6,,+1.90%
"Dec 09, 2020",43.77,43.65,43.65,43.65,0.01K,+1.67%
"Dec 08, 2020",43.05,43.05,43.05,43.05,,-0.23%
"Dec 07, 2020",43.15,42.6,43.1,42.6,0.02K,-0.62%
"Dec 04, 2020",43.42,43.42,43.42,43.42,0.01K,+1.95%
"Dec 03, 2020",42.59,42.65,42.65,42.65,0.01K,-1.41%
"Dec 02, 2020",43.2,43.2,43.2,43.2,,-0.92%
"Dec 01, 2020",43.6,43.6,43.6,43.6,0.00K,+0.76%
"Nov 30, 2020",43.27,43.27,43.27,43.27,,+2.78%
"Nov 27, 2020",42.1,42.1,42.1,42.1,0.03K,+0.94%
"Nov 26, 2020",41.71,41.71,41.71,41.71,,+0.26%
"Nov 25, 2020",41.6,41.6,41.6,41.6,0.01K,+1.81%
"Nov 24, 2020",40.86,40.86,40.86,40.86,,+1.29%
"Nov 23, 2020",40.34,40.34,40.34,40.34,,+2.83%
"Nov 20, 2020",39.23,39.23,39.23,39.23,,-1.78%
"Nov 19, 2020",39.94,40.2,40.2,40.2,0.00K,-2.59%
"Nov 18, 2020",41,41,41,41,,-0.07%
"Nov 17, 2020",41.03,40.85,40.85,40.85,0.01K,-1.25%
"Nov 16, 2020",41.55,41.55,41.55,41.55,0.01K,+1.99%
"Nov 13, 2020",40.74,40.74,40.74,40.74,,+0.94%
"Nov 12, 2020",40.36,40.36,40.36,40.36,,-1.97%
"Nov 11, 2020",41.17,41.17,41.17,41.17,0.01K,+1.40%
"Nov 10, 2020",40.6,40.6,40.6,40.6,,-0.71%
"Nov 09, 2020",40.89,41.05,41.05,41.05,0.01K,+1.62%
"Nov 06, 2020",40.24,40.24,40.24,40.24,0.04K,-0.15%
"Nov 05, 2020",40.3,40.3,40.3,40.3,,+3.20%
"Nov 04, 2020",39.05,39.05,39.05,39.05,,+0.26%
"Nov 03, 2020",38.95,38.95,38.95,38.95,0.01K,+1.56%
"Nov 02, 2020",38.35,38.35,38.35,38.35,0.01K,-1.94%
"Oct 30, 2020",39.11,38.85,38.85,38.85,0.02K,+0.20%
"Oct 29, 2020",39.03,39,39.05,38.95,0.02K,-1.71%
"Oct 28, 2020",39.71,39.6,39.6,39.6,0.01K,-0.77%
"Oct 27, 2020",40.02,40.55,40.55,40.55,0.02K,-3.12%
"Oct 26, 2020",41.31,41.31,41.31,41.31,0.01K,-0.72%
"Oct 23, 2020",41.61,41.4,41.4,41.4,0.01K,+2.79%
"Oct 22, 2020",40.48,40.1,40.5,40.1,0.02K,-0.10%
"Oct 21, 2020",40.52,40.52,40.52,40.52,,-1.00%
"Oct 20, 2020",40.93,40.6,40.6,40.6,0.03K,+0.57%
"Oct 19, 2020",40.7,40.25,40.75,40.25,0.02K,+1.34%
"Oct 16, 2020",40.16,40,40.4,40,0.06K,+0.40%
"Oct 15, 2020",40,40,40,40,0.01K,-0.92%
"Oct 14, 2020",40.37,40.35,40.35,40.2,0.04K,+1.00%
"Oct 13, 2020",39.97,39.97,39.97,39.97,0.00K,-0.27%
"Oct 12, 2020",40.08,40.08,40.08,40.08,,-2.43%
"Oct 09, 2020",41.08,41.1,41.1,41.1,0.02K,-1.13%
"Oct 08, 2020",41.55,41.55,41.55,41.55,0.01K,+0.56%
"Oct 07, 2020",41.32,41.32,41.32,41.32,0.00K,+1.18%
"Oct 06, 2020",40.84,40.75,40.75,40.75,0.00K,-0.37%
"Oct 05, 2020",40.99,40.8,40.8,40.8,0.01K,+1.97%
"Oct 02, 2020",40.2,40,40,40,0.02K,-1.86%
"Oct 01, 2020",40.96,40.96,40.96,40.96,0.01K,-0.58%
"Sep 30, 2020",41.2,41.18,41.18,41.18,0.01K,-1.53%
"Sep 29, 2020",41.84,41.84,41.84,41.84,0.01K,+2.35%
"Sep 28, 2020",40.88,40.88,40.88,40.88,0.00K,+0.94%
"Sep 25, 2020",40.5,40.5,40.5,40.5,0.00K,-0.47%
"Sep 24, 2020",40.69,40.69,40.69,40.69,0.00K,-1.00%
"Sep 23, 2020",41.1,41.15,41.25,41.15,0.01K,+0.86%
"Sep 22, 2020",40.75,40.75,40.75,40.75,0.01K,-0.44%
"Sep 21, 2020",40.93,40.93,40.93,40.93,,-1.87%
"Sep 18, 2020",41.71,41.85,41.85,41.85,0.01K,-1.11%
"Sep 17, 2020",42.18,42.18,42.18,42.18,0.00K,-0.07%
"Sep 16, 2020",42.21,42.65,42.65,42.35,0.01K,-1.10%
"Sep 15, 2020",42.68,42.68,42.68,42.68,0.01K,+0.92%
"Sep 14, 2020",42.29,42.29,42.29,42.29,,+3.32%
"Sep 11, 2020",40.93,40.93,40.93,40.93,0.00K,-0.34%
"Sep 10, 2020",41.07,41.07,41.07,41.07,,+0.88%
"Sep 09, 2020",40.71,40.71,40.71,40.71,,+0.12%
"Sep 08, 2020",40.66,40.9,40.9,40.9,0.01K,-1.45%
"Sep 07, 2020",41.26,41.26,41.26,41.26,0.01K,-1.90%
"Sep 04, 2020",42.06,42.06,42.06,42.06,0.01K,-0.66%
"Sep 03, 2020",42.34,42.5,42.5,42.5,0.02K,+1.51%
"Sep 02, 2020",41.71,41.85,41.85,41.85,0.01K,-0.55%
"Sep 01, 2020",41.94,41.7,41.95,41.7,0.03K,+0.67%
"Aug 31, 2020",41.66,42.2,42.2,42.2,0.00K,-1.70%
"Aug 28, 2020",42.38,42.5,42.5,42.5,0.01K,+2.49%
"Aug 27, 2020",41.35,41.45,41.45,41.45,0.01K,-0.58%
"Aug 26, 2020",41.59,41.45,41.45,41.45,0.01K,+1.59%
"Aug 25, 2020",40.94,40.05,40.6,40,0.02K,+2.76%
"Aug 24, 2020",39.84,39.9,39.9,39.9,0.01K,+3.19%
"Aug 21, 2020",38.61,38.61,38.61,38.61,,-1.30%
"Aug 20, 2020",39.12,39.12,39.12,39.12,,-0.38%
"Aug 19, 2020",39.27,39.6,39.6,39.6,0.01K,-0.38%
"Aug 18, 2020",39.42,39.42,39.42,39.42,,+1.60%
"Aug 17, 2020",38.8,38.8,38.8,38.8,0.01K,+1.49%
"Aug 14, 2020",38.23,38.23,38.23,38.23,0.03K,-1.49%
"Aug 13, 2020",38.81,38.81,38.81,38.81,,+0.28%
"Aug 12, 2020",38.7,38.7,38.7,38.7,,-2.22%
"Aug 11, 2020",39.58,39.58,39.58,39.58,0.01K,-0.35%
"Aug 10, 2020",39.72,39.85,39.85,39.85,0.02K,+0.68%
"Aug 07, 2020",39.45,39.45,39.45,39.45,,-0.75%
"Aug 06, 2020",39.75,39.6,39.7,39.6,0.01K,+1.09%
"Aug 05, 2020",39.32,39.45,39.45,39.45,0.02K,+1.42%
"Aug 04, 2020",38.77,38.85,38.85,38.85,0.01K,+1.36%
"Aug 03, 2020",38.25,38.25,38.25,38.25,0.01K,-0.18%
"Jul 31, 2020",38.32,38.32,38.32,38.32,0.01K,+0.76%
"Jul 30, 2020",38.03,38.03,38.03,38.03,0.00K,-1.91%
"Jul 29, 2020",38.77,38.77,38.77,38.77,0.00K,+2.24%
"Jul 28, 2020",37.92,37.92,37.92,37.92,0.01K,+0.08%
"Jul 27, 2020",37.89,37.89,37.89,37.89,0.00K,-2.87%
"Jul 24, 2020",39.01,39.01,39.01,39.01,0.00K,-1.86%
"Jul 23, 2020",39.75,39.75,39.75,39.75,0.00K,+0.91%
"Jul 22, 2020",39.39,39.39,39.39,39.39,0.00K,+0.66%
"Jul 21, 2020",39.13,39.13,39.13,39.13,0.00K,-0.08%
"Jul 20, 2020",39.16,38.9,38.9,38.85,0.01K,-2.64%
"Jul 17, 2020",40.22,40.15,40.15,40.15,0.00K,-2.26%
"Jul 16, 2020",41.15,41.15,41.15,41.15,0.00K,-1.60%
"Jul 15, 2020",41.82,42.2,42.2,42.2,0.00K,+1.28%
"Jul 14, 2020",41.29,41.29,41.29,41.29,0.01K,-2.02%
"Jul 13, 2020",42.14,42.14,42.14,42.14,,+3.39%
"Jul 10, 2020",40.76,40.76,40.76,40.76,0.01K,-2.14%
"Jul 09, 2020",41.65,41.65,41.65,41.65,0.03K,0.00%
"Jul 08, 2020",41.65,41.65,41.65,41.65,0.00K,-1.42%
"Jul 07, 2020",42.25,42.25,42.25,42.25,0.04K,+0.81%
"Jul 06, 2020",41.91,40.95,41.25,40.95,0.01K,+3.92%
"Jul 03, 2020",40.33,40.33,40.33,40.33,0.02K,-0.02%
"Jul 02, 2020",40.34,40.34,40.34,40.34,,-0.44%
"Jul 01, 2020",40.52,40.65,40.65,40.55,0.06K,+0.12%
"Jun 30, 2020",40.47,40.47,40.47,40.47,0.01K,+2.95%
"Jun 29, 2020",39.31,39.31,39.31,39.31,,+0.85%
"Jun 26, 2020",38.98,39.1,39.1,39.05,0.02K,-0.08%
"Jun 25, 2020",39.01,39.21,39.21,39.05,0.02K,-2.21%
"Jun 24, 2020",39.89,39.45,39.95,39.45,0.02K,+0.23%
"Jun 23, 2020",39.8,39.8,39.8,39.8,0.01K,+2.10%
"Jun 22, 2020",38.98,38.98,38.98,38.98,0.00K,-0.08%
"Jun 19, 2020",39.01,39.01,39.01,39.01,0.00K,+1.30%
"Jun 18, 2020",38.51,38.51,38.51,38.51,0.01K,+2.47%
"Jun 17, 2020",37.58,37.58,37.58,37.58,,-1.55%
"Jun 16, 2020",38.17,38.17,38.17,38.17,0.01K,+3.33%
"Jun 15, 2020",36.94,37.15,37.15,36.96,0.02K,-1.57%
"Jun 12, 2020",37.53,37.36,37.36,37.36,0.01K,-0.05%
"Jun 11, 2020",37.55,37.55,37.55,37.55,0.02K,-1.00%
"Jun 10, 2020",37.93,37.75,37.75,37.75,0.03K,-0.24%
"Jun 09, 2020",38.02,38.1,38.1,38.1,0.03K,-2.16%
"Jun 08, 2020",38.86,38.86,38.86,38.86,0.00K,+0.31%
"Jun 05, 2020",38.74,38.1,38.55,38.05,0.03K,+3.20%
"Jun 04, 2020",37.54,37.54,37.54,37.54,0.01K,-0.42%
"Jun 03, 2020",37.7,37.7,37.7,37.7,,+1.59%
"Jun 02, 2020",37.11,37.11,37.11,37.11,0.02K,+2.37%
"Jun 01, 2020",36.25,36.25,36.25,36.25,,-1.36%
"May 29, 2020",36.75,36.75,36.75,36.75,,-0.14%
"May 28, 2020",36.8,36.8,36.8,36.8,,-1.23%
"May 27, 2020",37.26,37.26,37.26,37.26,,-1.82%
"May 26, 2020",37.95,37.95,37.95,37.95,0.03K,+1.34%
"May 25, 2020",37.45,37.45,37.45,37.45,,+2.52%
"May 22, 2020",36.53,36.53,36.53,36.53,,-1.54%
"May 21, 2020",37.1,37.1,37.1,37.1,,-0.38%
"May 20, 2020",37.24,37.24,37.24,37.24,,+1.20%
"May 19, 2020",36.8,36.8,36.8,36.8,0.02K,+0.46%
"May 18, 2020",36.63,36.63,36.63,36.63,,+0.99%
"May 15, 2020",36.27,36.27,36.27,36.27,,+1.97%
"May 14, 2020",35.57,35.57,35.57,35.57,,+0.28%
"May 13, 2020",35.47,35.47,35.47,35.47,,-1.23%
"May 12, 2020",35.91,35.91,35.91,35.91,,-2.10%
"May 11, 2020",36.68,36.68,36.68,36.68,,-0.92%
"May 08, 2020",37.02,37,37,37,0.00K,+1.87%
"May 07, 2020",36.34,36.34,36.34,36.34,0.01K,+1.34%
"May 06, 2020",35.86,35.86,35.86,35.86,,-0.44%
"May 05, 2020",36.02,36.02,36.02,36.02,,+0.95%
"May 04, 2020",35.68,35.68,35.68,35.68,,-1.55%
"Apr 30, 2020",36.24,36.24,36.24,36.24,,-1.33%
"Apr 29, 2020",36.73,36.45,36.45,36.45,0.00K,-0.89%
"Apr 28, 2020",37.06,37.06,37.06,37.06,0.01K,+1.26%
"Apr 27, 2020",36.6,36.6,36.6,36.6,,-1.96%
"Apr 24, 2020",37.33,37.33,37.33,37.33,0.00K,-0.35%
"Apr 23, 2020",37.46,37.46,37.46,37.46,0.00K,-1.94%
"Apr 22, 2020",38.2,38.2,38.2,38.2,,+2.17%
"Apr 21, 2020",37.39,37.39,37.39,37.39,,-3.13%
"Apr 20, 2020",38.6,39.28,39.28,39.28,0.00K,-2.25%
"Apr 17, 2020",39.49,39.49,39.49,39.49,0.00K,+2.54%
"Apr 16, 2020",38.51,38.51,38.51,38.51,,+4.56%
"Apr 15, 2020",36.83,36.83,36.83,36.83,,-2.36%
"Apr 14, 2020",37.72,37.72,37.72,37.72,,-2.66%
"Apr 09, 2020",38.75,38.75,38.75,38.75,0.01K,+0.26%
"Apr 08, 2020",38.65,38.3,38.3,38.3,0.01K,-1.95%
"Apr 07, 2020",39.42,39.42,39.42,39.42,0.01K,+3.66%
"Apr 06, 2020",38.03,38.15,38.15,38.15,0.01K,+5.46%
"Apr 03, 2020",36.06,36.06,36.06,36.06,,+2.36%
"Apr 02, 2020",35.23,35.23,35.23,35.23,,+1.15%
"Apr 01, 2020",34.83,34.83,34.83,34.83,,-2.00%
"Mar 31, 2020",35.54,35.54,35.54,35.54,,+2.19%
"Mar 30, 2020",34.78,34.78,34.78,34.78,0.00K,+0.40%
"Mar 27, 2020",34.64,34.64,34.64,34.64,0.02K,-2.97%
"Mar 26, 2020",35.7,35.15,35.15,35.15,0.01K,+1.83%
"Mar 25, 2020",35.06,35.06,35.06,35.06,,+0.37%
"Mar 24, 2020",34.93,34.93,34.93,34.93,,+3.50%
"Mar 23, 2020",33.75,33.75,33.75,33.75,,-2.09%
"Mar 20, 2020",34.47,34.47,34.47,34.47,,+0.70%
"Mar 19, 2020",34.23,34.23,34.23,34.23,0.00K,+0.20%
"Mar 18, 2020",34.16,34.3,34.35,34.3,0.01K,-5.22%
"Mar 17, 2020",36.04,36.04,36.04,36.04,,-3.20%
"Mar 16, 2020",37.23,37.58,37.58,37.58,0.00K,-4.02%
"Mar 13, 2020",38.79,39.25,39.25,39.25,0.00K,-0.54%
"Mar 12, 2020",39,39,39,39,0.01K,-2.21%
"Mar 11, 2020",39.88,39.88,39.88,39.88,0.01K,+0.61%
"Mar 10, 2020",39.64,39.64,39.64,39.64,,+1.98%
"Mar 09, 2020",38.87,38.87,38.87,38.87,,-3.07%
"Mar 06, 2020",40.1,40.1,40.1,40.1,,-1.23%
"Mar 05, 2020",40.6,40.6,40.6,40.6,0.01K,-0.61%
"Mar 04, 2020",40.85,40.85,40.85,40.85,,+0.74%
"Mar 03, 2020",40.55,40.55,40.55,40.55,,+1.68%
"Mar 02, 2020",39.88,39.88,39.88,39.88,,+0.48%
"Feb 28, 2020",39.69,39.6,39.6,39.6,0.00K,-1.34%
"Feb 27, 2020",40.23,40.35,40.35,40.35,0.01K,-0.49%
"Feb 26, 2020",40.43,40.43,40.43,40.43,,-1.15%
"Feb 25, 2020",40.9,40.9,40.9,40.9,,-0.61%
"Feb 24, 2020",41.15,41.15,41.15,41.15,,-2.07%
"Feb 21, 2020",42.02,42.1,42.1,42.1,0.00K,-1.18%
"Feb 20, 2020",42.52,42.52,42.52,42.52,,-0.33%
"Feb 19, 2020",42.66,42.66,42.66,42.66,,-1.00%
"Feb 18, 2020",43.09,43.5,43.5,43.5,0.00K,+0.14%
"Feb 17, 2020",43.03,43.03,43.03,43.03,,+1.44%
"Feb 14, 2020",42.42,42.42,42.42,42.42,,+0.69%
"Feb 13, 2020",42.13,42.13,42.13,42.13,0.00K,+0.91%
"Feb 12, 2020",41.75,41.75,41.75,41.75,0.01K,+2.23%
"Feb 11, 2020",40.84,40.84,40.84,40.84,0.02K,+1.82%
"Feb 10, 2020",40.11,40.11,40.11,40.11,,-1.28%
"Feb 07, 2020",40.63,40.63,40.63,40.63,0.00K,+0.74%
"Feb 06, 2020",40.33,40.33,40.33,40.33,0.01K,-0.91%
"Feb 05, 2020",40.7,40.55,40.55,40.55,0.02K,+1.98%
"Feb 04, 2020",39.91,39.91,39.91,39.91,,+0.53%
"Feb 03, 2020",39.7,39.7,39.7,39.7,,-2.43%
"Jan 31, 2020",40.69,40.69,40.69,40.69,,-1.12%
"Jan 30, 2020",41.15,41.15,41.15,41.15,,-1.91%
"Jan 29, 2020",41.95,41.95,41.95,41.95,0.01K,-0.94%
"Jan 28, 2020",42.35,42.3,42.3,42.3,0.01K,+0.69%
"Jan 27, 2020",42.06,42.06,42.06,42.06,0.00K,+0.07%
"Jan 24, 2020",42.03,42.03,42.03,42.03,,-0.02%
"Jan 23, 2020",42.04,42.04,42.04,42.04,,-2.73%
"Jan 22, 2020",43.22,43.22,43.22,43.22,,+0.16%
"Jan 21, 2020",43.15,43.15,43.15,43.15,,-0.30%
"Jan 20, 2020",43.28,43.28,43.28,43.28,,-1.88%
"Jan 17, 2020",44.11,44.1,44.1,44.1,0.00K,-0.23%
"Jan 16, 2020",44.21,44.21,44.21,44.21,0.01K,-0.63%
"Jan 15, 2020",44.49,44.49,44.49,44.49,,-0.02%
"Jan 14, 2020",44.5,44.5,44.5,44.5,,-2.13%
"Jan 13, 2020",45.47,45.47,45.47,45.47,,+0.49%
"Jan 10, 2020",45.25,45.25,45.25,45.25,,-0.51%
"Jan 09, 2020",45.48,44.85,44.85,44.85,0.01K,+1.22%
"Jan 08, 2020",44.93,44.87,44.87,44.87,0.00K,+0.02%
"Jan 07, 2020",44.92,44.95,44.95,44.95,0.01K,-0.35%
"Jan 06, 2020",45.08,45.45,45.45,45.45,0.00K,+0.18%
"Jan 03, 2020",45,45,45,45,,+1.81%
"Jan 02, 2020",44.2,44.2,44.2,44.2,,-2.64%
"Dec 30, 2019",45.4,45.4,45.4,45.4,,+5.21%
"Dec 27, 2019",43.15,43.15,43.15,43.15,,-1.62%
"Dec 23, 2019",43.86,43.86,43.86,43.86,0.01K,-1.81%
"Dec 20, 2019",44.67,44.35,44.35,44.35,0.01K,-0.62%
"Dec 19, 2019",44.95,44.95,44.95,44.95,,+0.74%
"Dec 18, 2019",44.62,44.62,44.62,44.62,0.00K,+0.59%
"Dec 17, 2019",44.36,44.36,44.36,44.36,0.01K,+1.35%
"Dec 16, 2019",43.77,43.77,43.77,43.77,,-1.60%
"Dec 13, 2019",44.48,44.48,44.48,44.48,,+0.16%
"Dec 12, 2019",44.41,43.87,44.5,43.87,0.02K,+0.16%
"Dec 11, 2019",44.34,44.25,44.25,44.25,0.01K,-0.27%
"Dec 10, 2019",44.46,44.46,44.46,44.46,0.00K,-1.18%
"Dec 09, 2019",44.99,44.99,44.99,44.99,,-1.06%
"Dec 06, 2019",45.47,45.47,45.47,45.47,0.01K,-0.18%
"Dec 05, 2019",45.55,45.55,45.55,45.55,0.01K,-0.68%
"Dec 04, 2019",45.86,45.86,45.86,45.86,,+0.15%
"Dec 03, 2019",45.79,46.3,46.3,46.3,0.00K,-1.02%
"Dec 02, 2019",46.26,46.26,46.26,46.26,,-1.32%
"Nov 29, 2019",46.88,46.88,46.88,46.88,,-1.28%
"Nov 28, 2019",47.49,47.9,47.9,47.9,0.01K,-0.46%
"Nov 27, 2019",47.71,47.5,47.5,47.5,0.01K,+1.58%
"Nov 26, 2019",46.97,46.97,46.97,46.97,0.00K,-1.70%
"Nov 25, 2019",47.78,47.78,47.78,47.78,0.02K,+0.36%
"Nov 22, 2019",47.61,47.61,47.61,47.61,,+1.88%
"Nov 21, 2019",46.73,46.85,46.85,46.85,0.01K,+0.89%
"Nov 20, 2019",46.32,46,46,46,0.00K,+0.22%
"Nov 19, 2019",46.22,46.15,46.15,46.1,0.01K,-0.32%
"Nov 18, 2019",46.37,46.37,46.37,46.37,0.01K,-0.81%
"Nov 15, 2019",46.75,46.75,46.75,46.75,,+0.56%
"Nov 14, 2019",46.49,46.75,46.75,46.75,0.00K,-0.34%
"Nov 13, 2019",46.65,46.65,46.65,46.65,,+0.04%
"Nov 12, 2019",46.63,46.63,46.63,46.63,,-1.83%
"Nov 11, 2019",47.5,47.25,47.25,47.25,0.01K,+0.02%
"Nov 08, 2019",47.49,47.49,47.49,47.49,0.00K,-0.59%
"Nov 07, 2019",47.77,47.77,47.77,47.77,0.00K,-0.91%
"Nov 06, 2019",48.21,48.15,48.15,48.15,0.01K,-0.50%
"Nov 05, 2019",48.45,48.45,48.45,48.45,,+1.11%
"Nov 04, 2019",47.92,47.92,47.92,47.92,0.00K,-0.27%
"Nov 01, 2019",48.05,48.05,48.05,48.05,0.00K,+0.10%
"Oct 31, 2019",48,48,48,48,0.00K,-0.21%
"Oct 30, 2019",48.1,48.1,48.1,48.1,0.00K,-0.46%
"Oct 29, 2019",48.32,48.32,48.32,48.32,0.01K,+0.77%
"Oct 28, 2019",47.95,47.95,47.95,47.95,0.00K,-1.17%
"Oct 25, 2019",48.52,48.52,48.52,48.52,0.01K,-0.49%
"Oct 24, 2019",48.76,48.76,48.76,48.76,0.00K,+0.02%
"Oct 23, 2019",48.75,48.75,48.75,48.75,,-1.18%
"Oct 22, 2019",49.33,49.33,49.33,49.33,,-2.08%
"Oct 21, 2019",50.38,50.25,50.25,50.25,0.01K,+0.66%
"Oct 18, 2019",50.05,50.05,50.05,50.05,0.00K,+0.32%
"Oct 17, 2019",49.89,50.4,50.4,50.4,0.01K,-1.01%
"Oct 16, 2019",50.4,49.94,50.3,49.94,0.01K,+1.00%
"Oct 15, 2019",49.9,50.35,50.35,50.35,0.01K,+0.18%
"Oct 14, 2019",49.81,49.81,49.81,49.81,,-0.16%
"Oct 11, 2019",49.89,49.85,49.85,49.85,0.02K,+2.59%
"Oct 10, 2019",48.63,48.63,48.63,48.63,0.00K,+0.19%
"Oct 09, 2019",48.54,48.54,48.54,48.54,0.00K,+0.50%
"Oct 08, 2019",48.3,48.3,48.3,48.3,0.00K,-0.08%
"Oct 07, 2019",48.34,48.25,48.25,48.25,0.01K,-0.29%
"Oct 04, 2019",48.48,48.48,48.48,48.48,0.00K,+0.48%
"Oct 03, 2019",48.25,48,48,48,0.01K,-1.37%
"Oct 02, 2019",48.92,49.2,49.2,49.1,0.01K,-0.87%
"Oct 01, 2019",49.35,49.35,49.35,49.35,0.00K,-0.50%
"Sep 30, 2019",49.6,49.6,49.6,49.6,0.00K,+0.02%
"Sep 27, 2019",49.59,49.59,49.59,49.59,0.00K,-1.29%
"Sep 26, 2019",50.24,50.24,50.24,50.24,,+0.42%
"Sep 25, 2019",50.03,50.03,50.03,50.03,,-1.67%
"Sep 24, 2019",50.88,51.2,51.2,51.2,0.00K,-0.61%
"Sep 23, 2019",51.19,51.19,51.19,51.19,,-1.42%
"Sep 20, 2019",51.93,51.93,51.93,51.93,,+0.93%
"Sep 19, 2019",51.45,51.7,51.7,51.7,0.00K,+0.88%
"Sep 18, 2019",51,51.01,51.01,51.01,0.00K,-2.86%
"Sep 17, 2019",52.5,52.75,52.75,52.75,0.01K,-0.53%
"Sep 16, 2019",52.78,52.5,53,52.5,0.00K,+1.91%
"Sep 13, 2019",51.79,51.79,51.79,51.79,0.00K,+0.97%
"Sep 12, 2019",51.29,51.29,51.29,51.29,0.00K,-1.52%
"Sep 11, 2019",52.08,52.75,52.75,51.25,0.02K,+1.92%
"Sep 10, 2019",51.1,50.25,51,50.25,0.01K,+4.18%
"Sep 09, 2019",49.05,49.05,49.05,49.05,,+0.64%
"Sep 06, 2019",48.74,48.74,48.74,48.74,,+0.95%
"Sep 05, 2019",48.28,48.75,48.75,48.75,0.01K,-0.64%
"Sep 04, 2019",48.59,48.8,48.8,48.8,0.00K,+1.02%
"Sep 03, 2019",48.1,48.1,48.1,48.1,0.00K,+0.21%
"Sep 02, 2019",48,48,48,48,0.00K,-3.52%
"Aug 30, 2019",49.75,49.75,49.75,49.75,0.00K,+2.07%
"Aug 29, 2019",48.74,48.74,48.74,48.74,,+0.47%
"Aug 28, 2019",48.51,48.35,48.35,48.35,0.02K,+1.17%
"Aug 27, 2019",47.95,47.95,47.95,47.95,0.01K,-1.64%
"Aug 26, 2019",48.75,48.85,48.85,48.75,0.01K,+0.76%
"Aug 23, 2019",48.38,48.25,48.25,48.25,0.00K,-1.87%
"Aug 22, 2019",49.3,49.3,49.3,49.3,0.01K,+0.04%
"Aug 21, 2019",49.28,49.28,49.28,49.28,,-0.75%
"Aug 20, 2019",49.65,49.65,49.65,49.65,0.00K,0.00%
"Aug 19, 2019",49.65,49.65,49.65,49.65,,+0.51%
"Aug 16, 2019",49.4,49.4,49.4,49.4,0.00K,-0.14%
"Aug 15, 2019",49.47,49.75,49.75,49.75,0.00K,-0.48%
"Aug 14, 2019",49.71,50.3,50.3,50.3,0.01K,-0.48%
"Aug 13, 2019",49.95,49.95,49.95,49.95,0.00K,-0.32%
"Aug 12, 2019",50.11,50.11,50.11,50.11,0.00K,-1.57%
"Aug 09, 2019",50.91,50.91,50.91,50.91,0.00K,-0.25%
"Aug 08, 2019",51.04,51.04,51.04,51.04,0.01K,+0.47%
"Aug 07, 2019",50.8,50.8,50.8,50.8,0.00K,-0.97%
"Aug 06, 2019",51.3,51.2,51.2,51.2,0.01K,-0.81%
"Aug 05, 2019",51.72,52.25,52.25,52.25,0.01K,-2.60%
"Aug 02, 2019",53.1,52.9,52.9,52.9,0.01K,+0.23%
"Aug 01, 2019",52.98,52.55,52.55,52.55,0.01K,+1.71%
"Jul 31, 2019",52.09,52.09,52.09,52.09,0.00K,+0.50%
"Jul 30, 2019",51.83,51.83,51.83,51.83,0.01K,-1.71%
"Jul 29, 2019",52.73,52.73,52.73,52.73,,+0.38%
"Jul 26, 2019",52.53,52.53,52.53,52.53,,-1.63%
"Jul 25, 2019",53.4,53.73,53.73,53.73,0.01K,-0.02%
"Jul 24, 2019",53.41,53.41,53.41,53.41,,-1.29%
"Jul 23, 2019",54.11,54.15,54.15,54.15,0.01K,+1.18%
"Jul 22, 2019",53.48,53.48,53.48,53.48,,+0.28%
"Jul 19, 2019",53.33,53.33,53.33,53.33,,+1.97%
"Jul 18, 2019",52.3,52.3,52.3,52.3,0.00K,-0.70%
"Jul 17, 2019",52.67,52.67,52.67,52.67,,-0.83%
"Jul 16, 2019",53.11,53.9,53.9,53.9,0.01K,-2.66%
"Jul 15, 2019",54.56,54.4,54.4,54.4,0.01K,+1.94%
"Jul 12, 2019",53.52,53.25,53.75,53.25,0.01K,+1.00%
"Jul 11, 2019",52.99,52.99,52.99,52.99,0.03K,+2.12%
"Jul 10, 2019",51.89,51.89,51.89,51.89,0.01K,+1.53%
"Jul 09, 2019",51.11,51.11,51.11,51.11,,-0.72%
"Jul 08, 2019",51.48,51.35,51.6,51.35,0.01K,+1.56%
"Jul 05, 2019",50.69,50.69,50.69,50.69,0.01K,+1.69%
"Jul 04, 2019",49.85,49.85,49.85,49.85,0.01K,-0.40%
"Jul 03, 2019",50.05,50.4,50.4,50.4,0.03K,-2.25%
"Jul 02, 2019",51.2,51.2,51.2,51.2,0.05K,-0.25%
"Jul 01, 2019",51.33,51.33,51.33,51.33,0.00K,+0.96%
"Jun 28, 2019",50.84,50.84,50.84,50.84,0.00K,-0.70%
"Jun 27, 2019",51.2,51.2,51.2,51.2,0.01K,-0.19%
"Jun 26, 2019",51.3,51.3,51.3,51.3,0.02K,+0.45%
"Jun 25, 2019",51.07,51.07,51.07,51.07,0.00K,-0.18%
"Jun 24, 2019",51.16,50.45,50.45,50.45,0.01K,+3.02%
"Jun 21, 2019",49.66,49.66,49.66,49.66,,+1.31%
"Jun 20, 2019",49.02,49.02,49.02,49.02,,-0.02%
"Jun 19, 2019",49.03,49.03,49.03,49.03,,-1.31%
"Jun 18, 2019",49.68,49.55,49.55,49.55,0.00K,-0.10%
"Jun 17, 2019",49.73,49.73,49.73,49.73,,+0.10%
"Jun 14, 2019",49.68,49.68,49.68,49.68,0.00K,-0.52%
"Jun 13, 2019",49.94,49.94,49.94,49.94,,+1.28%
"Jun 12, 2019",49.31,49.31,49.31,49.31,,-1.44%
"Jun 11, 2019",50.03,50.03,50.03,50.03,,+0.44%
"Jun 10, 2019",49.81,49.81,49.81,49.81,,0.00%
"Jun 07, 2019",49.81,49.81,49.81,49.81,0.01K,+1.10%
"Jun 06, 2019",49.27,49.27,49.27,49.27,0.00K,-0.30%
"Jun 05, 2019",49.42,49.42,49.42,49.42,0.00K,+0.98%
"Jun 04, 2019",48.94,48.94,48.94,48.94,0.00K,+0.62%
"Jun 03, 2019",48.64,48.64,48.64,48.64,0.00K,-1.56%
"May 31, 2019",49.41,49.25,49.25,49.25,0.01K,-2.31%
"May 30, 2019",50.58,50.58,50.58,50.58,,-0.98%
"May 29, 2019",51.08,51.08,51.08,51.08,0.00K,+0.31%
"May 28, 2019",50.92,50.92,50.92,50.92,,-0.45%
"May 27, 2019",51.15,51.15,51.15,51.15,,+0.69%
"May 24, 2019",50.8,50.8,50.8,50.8,,-0.49%
"May 23, 2019",51.05,51.2,51.2,51.2,0.01K,-0.74%
"May 22, 2019",51.43,51.2,51.2,51.2,0.01K,+2.14%
"May 21, 2019",50.35,50.35,50.35,50.35,0.00K,-0.69%
"May 20, 2019",50.7,50.7,50.7,50.7,0.00K,-0.10%
"May 17, 2019",50.75,50.75,50.75,50.75,,-2.12%
"May 16, 2019",51.85,51.85,51.85,51.85,,+0.70%
"May 15, 2019",51.49,51.49,51.49,51.49,0.00K,+1.16%
"May 14, 2019",50.9,50.9,50.9,50.9,,-1.07%
"May 13, 2019",51.45,51.45,51.45,51.45,,-0.12%
"May 10, 2019",51.51,51.51,51.51,51.51,,-1.90%
"May 09, 2019",52.51,52.51,52.51,52.51,,+0.21%
"May 08, 2019",52.4,52.4,52.4,52.4,0.00K,+0.58%
"May 07, 2019",52.1,52.1,52.1,52.1,0.01K,+1.46%
"May 06, 2019",51.35,51.35,51.35,51.35,,+0.88%
"May 03, 2019",50.9,50.9,50.9,50.9,,+0.20%
"May 02, 2019",50.8,50.8,50.8,50.8,0.04K,-2.59%
"Apr 30, 2019",52.15,52.1,52.1,52.1,0.01K,-0.57%
"Apr 29, 2019",52.45,52.45,52.45,52.45,,+0.02%
"Apr 26, 2019",52.44,52.44,52.44,52.44,,-0.64%
"Apr 25, 2019",52.78,52.78,52.78,52.78,,-0.06%
"Apr 24, 2019",52.81,52.81,52.81,52.81,,-0.64%
"Apr 23, 2019",53.15,53.15,53.15,53.15,,+0.28%
"Apr 18, 2019",53,53.3,53.3,53.3,0.00K,-0.80%
"Apr 17, 2019",53.43,53.43,53.43,53.43,0.00K,+1.23%
"Apr 16, 2019",52.78,52.78,52.78,52.78,0.00K,-1.03%
"Apr 15, 2019",53.33,53.45,53.45,53.45,0.01K,-0.50%
"Apr 12, 2019",53.6,53.82,53.82,53.82,0.00K,+0.77%
"Apr 11, 2019",53.19,53.19,53.19,53.19,0.00K,-1.68%
"Apr 10, 2019",54.1,54,54,54,0.00K,+3.34%
"Apr 09, 2019",52.35,52.35,52.35,52.35,0.00K,+0.31%
"Apr 08, 2019",52.19,51.92,51.92,51.92,0.01K,+0.13%
"Apr 05, 2019",52.12,51.5,51.5,51.5,0.01K,+2.60%
"Apr 04, 2019",50.8,50.8,50.8,50.8,0.01K,+3.25%
"Apr 03, 2019",49.2,48.85,48.85,48.85,0.01K,+2.35%
"Apr 02, 2019",48.07,48.3,48.3,48.3,0.01K,-0.39%
"Apr 01, 2019",48.26,48.4,48.4,48.1,0.01K,-1.03%
"Mar 29, 2019",48.76,48.76,48.76,48.76,,-2.25%
"Mar 28, 2019",49.88,49.88,49.88,49.88,,+0.58%
"Mar 27, 2019",49.59,49.3,49.6,49.3,0.02K,+2.40%
"Mar 26, 2019",48.43,48,48.55,48,0.02K,+1.53%
"Mar 25, 2019",47.7,47.7,47.7,47.7,0.00K,-0.31%
"Mar 22, 2019",47.85,47.85,47.85,47.85,,-1.08%
"Mar 21, 2019",48.37,48.37,48.37,48.37,0.00K,+0.10%
"Mar 20, 2019",48.32,48.05,48.05,48.05,0.01K,-0.02%
"Mar 19, 2019",48.33,48.33,48.33,48.33,0.01K,+0.48%
"Mar 18, 2019",48.1,48.1,48.1,48.1,0.00K,-2.18%
"Mar 15, 2019",49.17,49.5,49.5,49.5,0.01K,-1.95%
"Mar 14, 2019",50.15,50.1,50.1,50.1,0.01K,+0.74%
"Mar 13, 2019",49.78,49.85,49.85,49.85,0.01K,-3.25%
"Mar 12, 2019",51.45,51,51.2,51,0.02K,+0.68%
"Mar 11, 2019",51.1,51.1,51.1,51.1,,-0.66%
"Mar 08, 2019",51.44,51.44,51.44,51.44,0.00K,+0.18%
"Mar 07, 2019",51.35,51.35,51.35,51.35,0.00K,-0.37%
"Mar 06, 2019",51.54,51.54,51.54,51.54,0.00K,-0.96%
"Mar 05, 2019",52.04,52.2,52.2,52.2,0.01K,-1.03%
"Mar 04, 2019",52.58,52.15,52.45,52.15,0.01K,+0.96%
"Mar 01, 2019",52.08,51.55,51.55,51.55,0.02K,+1.48%
"Feb 28, 2019",51.32,50.65,50.65,50.65,0.01K,+2.21%
"Feb 27, 2019",50.21,50.1,50.65,50.1,0.02K,+1.99%
"Feb 26, 2019",49.23,49.55,49.55,49.45,0.01K,+0.59%
"Feb 25, 2019",48.94,48.58,48.58,48.58,0.00K,-0.45%
"Feb 22, 2019",49.16,49,49,49,0.01K,-0.79%
"Feb 21, 2019",49.55,49.95,49.95,49.95,0.01K,-1.20%
"Feb 20, 2019",50.15,50.5,50.5,50.5,0.02K,+1.17%
"Feb 19, 2019",49.57,49.8,49.8,49.8,0.02K,+0.12%
"Feb 18, 2019",49.51,49.51,49.51,49.51,,-0.38%
"Feb 15, 2019",49.7,49.35,49.7,49.35,0.01K,+0.75%
"Feb 14, 2019",49.33,50,50.25,49.4,0.02K,+0.08%
"Feb 13, 2019",49.29,49.25,49.45,49.1,0.03K,-1.48%
"Feb 12, 2019",50.03,50.5,50.5,50.25,0.02K,-0.85%
"Feb 11, 2019",50.46,50.45,50.45,50.45,0.01K,-1.54%
"Feb 08, 2019",51.25,51.25,51.25,51.25,0.00K,-2.01%
"Feb 07, 2019",52.3,52.3,52.3,52.3,,-1.12%
"Feb 06, 2019",52.89,52.89,52.89,52.89,0.06K,+1.71%
"Feb 05, 2019",52,52.15,52.15,52.15,0.01K,+1.33%
"Feb 04, 2019",51.32,51.32,51.32,51.32,0.00K,-1.97%
"Feb 01, 2019",52.35,52.1,52.1,51.55,0.01K,+0.29%
"Jan 31, 2019",52.2,52.2,52.2,52.2,0.01K,-1.88%
"Jan 30, 2019",53.2,53.2,53.2,53.2,0.01K,-0.06%
"Jan 29, 2019",53.23,52.95,52.95,52.95,0.01K,+0.15%
"Jan 28, 2019",53.15,53.25,53.25,53.25,0.01K,-1.12%
"Jan 25, 2019",53.75,53.7,53.7,53.7,0.00K,-1.47%
"Jan 24, 2019",54.55,54.55,54.55,54.55,0.00K,-1.21%
"Jan 23, 2019",55.22,55.75,55.75,55.75,0.01K,+0.40%
"Jan 22, 2019",55,54.75,55.15,54.75,0.02K,+2.04%
"Jan 21, 2019",53.9,53.9,53.9,53.9,0.00K,-2.39%
"Jan 18, 2019",55.22,55.15,55.22,55.15,0.02K,+1.23%
"Jan 17, 2019",54.55,54.1,54.35,54.1,0.04K,+3.55%
"Jan 16, 2019",52.68,52.85,53.1,52.85,0.02K,+1.60%
"Jan 15, 2019",51.85,51.85,51.85,51.85,,+0.39%
"Jan 14, 2019",51.65,51.65,51.65,51.65,,-1.41%
"Jan 11, 2019",52.39,52.39,52.39,52.39,0.00K,+1.28%
"Jan 10, 2019",51.73,51.73,51.73,51.73,0.00K,-0.21%
"Jan 09, 2019",51.84,51.9,52,51.9,0.01K,-0.97%
"Jan 08, 2019",52.35,52.35,52.35,52.35,0.00K,+1.37%
"Jan 07, 2019",51.64,51.64,51.64,51.64,0.00K,-2.82%
"Jan 04, 2019",53.14,53.14,53.14,53.14,0.00K,+0.59%
"Jan 03, 2019",52.83,53,53,52.5,0.02K,-3.15%
"Jan 02, 2019",54.55,55.1,55.1,55.1,0.01K,-0.55%
"Dec 28, 2018",54.85,55,55,54.8,0.02K,-8.11%
"Dec 27, 2018",59.69,59.69,59.69,59.69,,-1.18%
"Dec 21, 2018",60.4,60.4,60.4,60.4,,+0.10%
"Dec 20, 2018",60.34,60.34,60.34,60.34,0.01K,-0.76%
"Dec 19, 2018",60.8,61,61,61,0.00K,+1.08%
"Dec 18, 2018",60.15,60.15,60.15,60.15,,-1.54%
"Dec 17, 2018",61.09,61.09,61.09,61.09,0.01K,+1.14%
"Dec 14, 2018",60.4,60.4,60.4,60.4,0.02K,+2.15%
"Dec 13, 2018",59.13,59.13,59.13,59.13,,+1.37%
"Dec 12, 2018",58.33,57.9,57.9,57.9,0.01K,+1.64%
"Dec 11, 2018",57.39,57.39,57.39,57.39,,+0.83%
"Dec 10, 2018",56.92,56.92,56.92,56.92,,+0.26%
"Dec 07, 2018",56.77,56.77,56.77,56.77,0.00K,+0.04%
"Dec 06, 2018",56.75,56.75,56.75,56.75,0.01K,-0.68%
"Dec 05, 2018",57.14,57.15,57.15,57.15,0.01K,-0.71%
"Dec 04, 2018",57.55,57.55,57.55,57.55,,-1.03%
"Dec 03, 2018",58.15,58.15,58.15,58.15,,+1.03%
"Nov 30, 2018",57.56,57.56,57.56,57.56,0.01K,+0.37%
"Nov 29, 2018",57.35,57.55,57.55,57.55,0.02K,+0.65%
"Nov 28, 2018",56.98,56.98,56.98,56.98,0.01K,-0.97%
"Nov 27, 2018",57.54,57.1,57.1,57.1,0.01K,+2.02%
"Nov 26, 2018",56.4,56.4,56.4,56.4,0.01K,-2.03%
"Nov 23, 2018",57.57,57.57,57.57,57.57,,+0.30%
"Nov 22, 2018",57.4,57.4,57.4,57.4,,+0.53%
"Nov 21, 2018",57.1,56.85,56.85,56.85,0.02K,+0.26%
"Nov 20, 2018",56.95,56.8,56.8,56.8,0.01K,+0.80%
"Nov 19, 2018",56.5,56.7,56.7,56.7,0.01K,-4.04%
"Nov 16, 2018",58.88,58.88,58.88,58.88,0.00K,+0.05%
"Nov 15, 2018",58.85,58.05,58.05,58.05,0.01K,+0.22%
"Nov 14, 2018",58.72,59.05,59.05,59.05,0.01K,-1.23%
"Nov 13, 2018",59.45,58.7,58.7,58.7,0.01K,0.00%
"Nov 12, 2018",59.45,59.4,59.4,59.4,0.01K,+4.30%
"Nov 09, 2018",57,57,57,57,,-0.97%
"Nov 08, 2018",57.56,57.95,57.95,57.7,0.02K,+1.79%
"Nov 07, 2018",56.55,56.55,56.55,56.55,,+2.63%
"Nov 06, 2018",55.1,54.9,54.98,54.9,0.02K,+0.07%
"Nov 05, 2018",55.06,55.06,55.06,55.06,,-0.05%
"Nov 02, 2018",55.09,54.8,54.8,54.8,0.00K,+0.90%
"Nov 01, 2018",54.6,55,55,55,0.00K,-2.12%
"Oct 31, 2018",55.78,55.78,55.78,55.78,,-0.38%
"Oct 30, 2018",55.99,57.05,57.05,56.35,0.01K,-2.56%
"Oct 29, 2018",57.46,57.5,57.55,57.1,0.02K,-1.53%
"Oct 26, 2018",58.35,58.35,58.35,58.35,,-1.27%
"Oct 25, 2018",59.1,59.1,59.1,59.1,,-1.17%
"Oct 24, 2018",59.8,59.8,59.8,59.8,,+0.95%
"Oct 23, 2018",59.24,59.24,59.24,59.24,0.00K,-2.55%
"Oct 19, 2018",60.79,60.79,60.79,60.79,,+2.53%
"Oct 18, 2018",59.29,59.29,59.29,59.29,0.00K,-0.35%
"Oct 17, 2018",59.5,59.5,59.5,59.5,,-0.95%
"Oct 16, 2018",60.07,60.07,60.07,60.07,0.00K,-0.51%
"Oct 15, 2018",60.38,60.38,60.38,60.38,0.00K,-0.03%
"Oct 12, 2018",60.4,60.4,60.4,60.4,0.00K,+1.68%
"Oct 11, 2018",59.4,59,59,59,0.00K,-2.62%
"Oct 10, 2018",61,61,61,61,,-3.14%
"Oct 09, 2018",62.98,62.98,62.98,62.98,,-1.35%
"Oct 08, 2018",63.84,63.55,63.55,63.55,0.00K,+0.30%
"Oct 05, 2018",63.65,63.65,63.65,63.65,0.01K,+1.29%
"Oct 04, 2018",62.84,62.84,62.84,62.84,0.01K,+0.87%
"Oct 03, 2018",62.3,62.3,62.3,62.3,,-1.46%
"Oct 02, 2018",63.22,63.22,63.22,63.22,0.01K,+2.22%
"Oct 01, 2018",61.85,61.85,61.85,61.85,,+0.45%
"Sep 28, 2018",61.57,61.57,61.57,61.57,,+0.03%
"Sep 27, 2018",61.55,61.55,61.55,61.55,0.01K,-0.21%
"Sep 26, 2018",61.68,61.5,61.5,61.5,0.01K,-2.53%
"Sep 25, 2018",63.28,63.28,63.28,63.28,,-1.22%
"Sep 24, 2018",64.06,64.06,64.06,64.06,,+3.11%
"Sep 21, 2018",62.13,62.13,62.13,62.13,,-1.19%
"Sep 20, 2018",62.88,62.88,62.88,62.88,0.00K,+4.45%
"Sep 19, 2018",60.2,60.2,60.2,60.2,,+0.52%
"Sep 18, 2018",59.89,59.89,59.89,59.89,,-0.32%
"Sep 17, 2018",60.08,60.08,60.08,60.08,,+4.71%
"Sep 14, 2018",57.38,55.5,55.5,55.5,0.01K,-3.42%
"Sep 13, 2018",59.41,59.41,59.41,59.41,,-5.02%
"Sep 12, 2018",62.55,62.3,62.7,62,0.04K,-0.98%
"Sep 11, 2018",63.17,63.17,63.17,63.17,0.00K,-0.11%
"Sep 10, 2018",63.24,63.24,63.24,63.24,0.00K,+4.01%
"Sep 07, 2018",60.8,60.4,60.55,60.4,0.01K,+2.84%
"Sep 06, 2018",59.12,58.9,59.2,58.9,0.00K,+2.20%
"Sep 05, 2018",57.85,57.85,57.85,57.85,,+0.96%
"Sep 04, 2018",57.3,57.15,57.45,57.15,0.01K,+2.14%
"Sep 03, 2018",56.1,56.35,56.35,56.05,0.01K,-1.20%
"Aug 31, 2018",56.78,56.78,56.78,56.78,0.00K,-0.72%
"Aug 30, 2018",57.19,57.19,57.19,57.19,,+2.22%
"Aug 29, 2018",55.95,56,56,56,0.01K,+0.58%
"Aug 28, 2018",55.63,56.03,56.03,56.03,0.00K,-0.11%
"Aug 27, 2018",55.69,55.6,55.6,55.6,0.01K,+2.15%
"Aug 24, 2018",54.52,54.52,54.52,54.52,,+0.74%
"Aug 23, 2018",54.12,54.12,54.12,54.12,,+0.91%
"Aug 22, 2018",53.63,53.63,53.63,53.63,0.00K,+0.73%
"Aug 21, 2018",53.24,53.24,53.24,53.24,0.00K,+1.54%
"Aug 20, 2018",52.43,52.43,52.43,52.43,,-0.13%
"Aug 17, 2018",52.5,52.5,52.5,52.5,,+0.67%
"Aug 16, 2018",52.15,52.15,52.15,52.15,,+0.97%
"Aug 15, 2018",51.65,51.65,51.65,51.65,0.00K,-0.42%
"Aug 14, 2018",51.87,51.87,51.87,51.87,,+1.41%
"Aug 13, 2018",51.15,50.85,50.85,50.85,0.01K,+1.99%
"Aug 10, 2018",50.15,50.15,50.15,50.15,0.00K,+0.40%
"Aug 09, 2018",49.95,49.95,49.95,49.95,,+0.30%
"Aug 08, 2018",49.8,49.8,49.8,49.8,,-0.12%
"Aug 07, 2018",49.86,49.9,49.9,49.9,0.00K,+0.52%
"Aug 06, 2018",49.6,49.6,49.6,49.6,,+0.92%
"Aug 03, 2018",49.15,49.15,49.15,49.15,,+1.03%
"Aug 02, 2018",48.65,48.65,48.65,48.65,,+0.02%
"Aug 01, 2018",48.64,48.64,48.64,48.64,,+0.08%
"Jul 31, 2018",48.6,48.6,48.6,48.6,,-0.35%
"Jul 30, 2018",48.77,48.77,48.77,48.77,,+0.06%
"Jul 27, 2018",48.74,48.74,48.74,48.74,,-0.41%
"Jul 26, 2018",48.94,48.94,48.94,48.94,,-1.23%
"Jul 25, 2018",49.55,49.4,49.4,49.4,0.02K,+0.51%
"Jul 24, 2018",49.3,49.2,49.3,49.2,0.01K,+0.39%
"Jul 23, 2018",49.11,49.11,49.11,49.11,,+1.34%
"Jul 20, 2018",48.46,48.65,48.65,48.65,0.01K,-1.40%
"Jul 19, 2018",49.15,49.15,49.15,49.15,,+1.55%
"Jul 18, 2018",48.4,48.4,48.4,48.4,,+1.06%
"Jul 17, 2018",47.89,47.89,47.89,47.89,,-1.22%
"Jul 16, 2018",48.48,48.48,48.48,48.48,,+0.58%
"Jul 13, 2018",48.2,48.2,48.2,48.2,0.01K,-0.84%
"Jul 12, 2018",48.61,48.61,48.61,48.61,,-2.19%
"Jul 11, 2018",49.7,49.25,49.25,49.25,0.02K,-0.34%
"Jul 10, 2018",49.87,49.85,49.85,49.85,0.01K,+1.78%
"Jul 09, 2018",49,48.85,48.85,48.85,0.01K,+1.34%
"Jul 06, 2018",48.35,48.25,48.25,48.25,0.01K,0.00%
"Jul 05, 2018",48.35,47.9,47.9,47.9,0.01K,+1.15%
"Jul 04, 2018",47.8,47.85,47.95,47.85,0.01K,-0.27%
"Jul 03, 2018",47.93,48,48,48,0.01K,+0.59%
"Jul 02, 2018",47.65,47.65,47.65,47.65,,+0.85%
"Jun 29, 2018",47.25,47.25,47.25,47.25,,+0.53%
"Jun 28, 2018",47,47,47,47,,+0.77%
"Jun 27, 2018",46.64,46.65,46.65,46.65,0.00K,+2.15%
"Jun 26, 2018",45.66,45.66,45.66,45.66,,+0.13%
"Jun 25, 2018",45.6,45.65,45.65,45.65,0.01K,+0.11%
"Jun 22, 2018",45.55,45.55,45.55,45.55,,+0.93%
"Jun 21, 2018",45.13,45.15,45.15,45.15,0.02K,-1.01%
"Jun 20, 2018",45.59,45.59,45.59,45.59,,-1.43%
"Jun 19, 2018",46.25,46,46,46,0.01K,-0.32%
"Jun 18, 2018",46.4,46.4,46.4,46.4,,+0.69%
"Jun 15, 2018",46.08,46.15,46.15,46.15,0.01K,-2.02%
"Jun 14, 2018",47.03,46.85,46.85,46.85,0.01K,+0.88%
"Jun 13, 2018",46.62,46.62,46.62,46.62,,+0.89%
"Jun 12, 2018",46.21,46.21,46.21,46.21,,+1.36%
"Jun 11, 2018",45.59,45.59,45.59,45.59,,-1.64%
"Jun 08, 2018",46.35,46.35,46.35,46.35,,+0.52%
"Jun 07, 2018",46.11,46.11,46.11,46.11,,+0.68%
"Jun 06, 2018",45.8,46.2,46.2,45.75,0.02K,-1.06%
"Jun 05, 2018",46.29,46.29,46.29,46.29,,-1.15%
"Jun 04, 2018",46.83,46.45,46.85,46.45,0.01K,+3.15%
"Jun 01, 2018",45.4,45.7,45.7,45.5,0.01K,-3.69%
"May 31, 2018",47.14,47.15,47.15,47.15,0.01K,-1.09%
"May 30, 2018",47.66,47.9,47.9,47.9,0.02K,-0.31%
"May 29, 2018",47.81,47.81,47.81,47.81,,+0.21%
"May 28, 2018",47.71,47.35,47.7,47.35,0.01K,+0.08%
"May 25, 2018",47.67,47.67,47.67,47.67,,-1.95%
"May 24, 2018",48.62,48.7,48.7,48.7,0.01K,-1.00%
"May 23, 2018",49.11,49,49,49,0.01K,-0.18%
"May 22, 2018",49.2,48.5,49,48.5,0.02K,+2.93%
"May 21, 2018",47.8,48,48,48,0.00K,+0.38%
"May 18, 2018",47.62,47.95,47.95,47.85,0.01K,-0.19%
"May 17, 2018",47.71,47.6,47.6,47.6,0.01K,+2.23%
"May 16, 2018",46.67,46.7,46.7,46.7,0.00K,-0.11%
"May 15, 2018",46.72,46.75,47,46.75,0.01K,+1.37%
"May 14, 2018",46.09,45.75,46.1,45.75,0.01K,+1.36%
"May 11, 2018",45.47,45.5,45.65,45.45,0.03K,+1.38%
"May 10, 2018",44.85,44.85,44.85,44.85,,0.00%
"May 09, 2018",44.85,44.85,44.85,44.85,,+1.24%
"May 08, 2018",44.3,44.3,44.3,44.3,,+0.68%
"May 07, 2018",44,44,44,44,,+1.92%
"May 04, 2018",43.17,42.95,42.95,42.95,0.01K,+1.05%
"May 03, 2018",42.72,42.6,42.75,42.6,0.01K,-0.07%
"May 02, 2018",42.75,42.9,42.9,42.9,0.01K,-1.38%
"Apr 30, 2018",43.35,43.35,43.35,43.35,,+1.03%
"Apr 27, 2018",42.91,42.91,42.91,42.91,,+0.52%
"Apr 26, 2018",42.69,42.69,42.69,42.69,,+1.31%
"Apr 25, 2018",42.14,42.14,42.14,42.14,,+0.29%
"Apr 24, 2018",42.02,42.25,42.25,42.25,0.01K,-0.50%
"Apr 23, 2018",42.23,42.25,42.25,42.25,0.01K,+0.43%
"Apr 20, 2018",42.05,42.26,42.26,42.15,0.00K,-1.43%
"Apr 19, 2018",42.66,42.5,42.7,42.5,0.03K,+1.57%
"Apr 18, 2018",42,42,42,42,0.01K,+0.24%
"Apr 17, 2018",41.9,41.9,41.9,41.9,0.01K,-2.06%
"Apr 16, 2018",42.78,42.78,42.78,42.78,,+1.23%
"Apr 13, 2018",42.26,42.35,42.35,42.35,0.02K,+0.96%
"Apr 12, 2018",41.86,41.85,41.9,41.85,0.02K,+0.48%
"Apr 11, 2018",41.66,41.45,41.45,41.45,0.02K,+0.75%
"Apr 10, 2018",41.35,41.35,41.35,41.35,0.01K,+0.76%
"Apr 09, 2018",41.04,40.65,41.1,40.65,0.01K,+1.36%
"Apr 06, 2018",40.49,40.49,40.49,40.49,,+0.50%
"Apr 05, 2018",40.29,40.2,40.2,40.2,0.01K,+0.25%
"Apr 04, 2018",40.19,40.19,40.19,40.19,,-0.15%
"Apr 03, 2018",40.25,40.25,40.25,40.25,0.01K,+0.17%
"Mar 29, 2018",40.18,40.18,40.18,40.18,,+0.32%
"Mar 28, 2018",40.05,40.5,40.5,40.5,0.00K,+0.40%
"Mar 27, 2018",39.89,40,40,40,0.01K,+1.19%
"Mar 26, 2018",39.42,39.5,39.5,39.5,0.01K,-0.20%
"Mar 23, 2018",39.5,39.5,39.5,39.5,0.00K,+0.13%
"Mar 22, 2018",39.45,39.6,39.6,39.6,0.05K,+0.13%
"Mar 21, 2018",39.4,39.45,39.45,39.45,0.03K,+1.81%
"Mar 20, 2018",38.7,38.7,38.7,38.7,0.01K,+1.44%
"Mar 19, 2018",38.15,38.15,38.15,38.15,,-0.60%
"Mar 16, 2018",38.38,38.38,38.38,38.38,0.03K,-0.34%
"Mar 15, 2018",38.51,38.51,38.51,38.51,0.00K,+0.84%
"Mar 14, 2018",38.19,38.3,38.3,38.3,0.01K,-2.08%
"Mar 13, 2018",39,39,39,39,0.00K,-0.26%
"Mar 12, 2018",39.1,39.15,39.15,39.15,0.00K,+0.90%
"Mar 09, 2018",38.75,38.6,38.6,38.6,0.00K,+0.91%
"Mar 08, 2018",38.4,38.4,38.4,38.4,0.01K,+1.05%
"Mar 07, 2018",38,38,38,38,,+0.26%
"Mar 06, 2018",37.9,37.9,37.9,37.9,,+1.26%
"Mar 05, 2018",37.43,37.43,37.43,37.43,0.01K,+0.48%
"Mar 02, 2018",37.25,37.25,37.25,37.25,,-0.27%
"Mar 01, 2018",37.35,37.35,37.35,37.35,0.00K,-0.82%
"Feb 28, 2018",37.66,37.66,37.66,37.66,,-0.11%
"Feb 27, 2018",37.7,37.3,37.4,37.3,0.00K,+0.27%
"Feb 26, 2018",37.6,37.6,37.6,37.6,,-1.78%
"Feb 23, 2018",38.28,38.15,38.15,38.15,0.01K,+0.79%
"Feb 22, 2018",37.98,37.85,37.85,37.85,0.00K,+0.08%
"Feb 21, 2018",37.95,37.95,37.95,37.95,,-0.29%
"Feb 20, 2018",38.06,38.06,38.06,38.06,0.01K,+0.69%
"Feb 19, 2018",37.8,37.7,37.7,37.7,0.00K,+2.16%
"Feb 16, 2018",37,36.85,36.85,36.85,0.00K,-0.03%
"Feb 15, 2018",37.01,37.1,37.25,37.1,0.00K,-0.24%
"Feb 14, 2018",37.1,37,37,37,0.00K,+0.13%
"Feb 13, 2018",37.05,37.1,37.1,37.1,0.00K,+1.93%
"Feb 12, 2018",36.35,36.15,36.15,36.15,0.00K,-0.22%
"Feb 09, 2018",36.43,36.45,36.45,36.45,0.00K,-0.74%
"Feb 08, 2018",36.7,36.6,36.6,36.6,0.03K,-1.05%
"Feb 07, 2018",37.09,36.65,36.65,36.65,0.01K,+1.06%
"Feb 06, 2018",36.7,36.7,36.7,36.7,,-0.38%
"Feb 05, 2018",36.84,36.8,36.8,36.8,0.00K,-1.63%
"Feb 02, 2018",37.45,37.45,37.45,37.45,0.00K,-0.93%
"Feb 01, 2018",37.8,37.55,37.55,37.55,0.00K,-0.13%
"Jan 31, 2018",37.85,37.85,37.85,37.85,0.00K,-0.24%
"Jan 30, 2018",37.94,38.05,38.05,38.05,0.00K,-1.33%
"Jan 29, 2018",38.45,38.6,38.6,38.6,0.00K,-0.65%
"Jan 26, 2018",38.7,38.75,38.75,38.75,0.01K,+0.26%
"Jan 25, 2018",38.6,38.7,38.7,38.7,0.01K,+0.29%
"Jan 24, 2018",38.49,38.49,38.49,38.49,,-0.31%
"Jan 23, 2018",38.61,38.61,38.61,38.61,0.01K,-0.36%
"Jan 22, 2018",38.75,38.75,38.75,38.75,0.00K,+0.39%
"Jan 19, 2018",38.6,38.6,38.6,38.6,0.02K,+0.70%
"Jan 18, 2018",38.33,38.35,38.35,38.35,0.01K,+0.74%
"Jan 17, 2018",38.05,38.05,38.05,38.05,0.00K,-0.78%
"Jan 16, 2018",38.35,38.35,38.35,38.35,0.00K,-0.39%
"Jan 15, 2018",38.5,38.35,38.35,38.35,0.00K,-1.00%
"Jan 12, 2018",38.89,39.1,39.1,38.95,0.01K,-0.66%
"Jan 11, 2018",39.15,39.4,39.4,39.4,0.01K,-0.84%
"Jan 10, 2018",39.48,39.2,39.45,39.2,0.02K,-0.05%
"Jan 09, 2018",39.5,39.55,39.55,39.55,0.00K,+0.53%
"Jan 08, 2018",39.29,39.5,39.6,39.25,0.04K,-0.28%
"Jan 05, 2018",39.4,39.4,39.4,39.4,,-0.13%
"Jan 04, 2018",39.45,39.5,39.5,39.5,0.01K,-0.63%
"Jan 03, 2018",39.7,39.7,39.7,39.7,,-0.50%
"Jan 02, 2018",39.9,39.9,39.9,39.9,0.00K,+0.18%
"Dec 29, 2017",39.83,39.85,39.85,39.85,0.00K,+0.08%
"Dec 28, 2017",39.8,39.8,39.8,39.8,0.00K,-6.35%
"Dec 27, 2017",42.5,42.5,42.5,42.5,,-0.35%
"Dec 22, 2017",42.65,42.65,42.65,42.65,,+0.12%
"Dec 21, 2017",42.6,42.6,42.6,42.6,,-0.12%
"Dec 20, 2017",42.65,42.65,42.65,42.65,,+0.59%
"Dec 19, 2017",42.4,42.4,42.4,42.4,,-0.12%
"Dec 18, 2017",42.45,42.45,42.45,42.45,,0.00%
"Dec 15, 2017",42.45,42.45,42.45,42.45,,+1.43%
"Dec 14, 2017",41.85,42,42,42,0.01K,-0.71%
"Dec 13, 2017",42.15,42,42,42,0.00K,-0.43%
"Dec 12, 2017",42.33,42.45,42.75,42.45,0.01K,+2.42%
"Dec 11, 2017",41.33,41.33,41.33,41.33,,-0.05%
"Dec 08, 2017",41.35,41.35,41.35,41.35,,+0.61%
"Dec 07, 2017",41.1,41.1,41.1,41.1,,+0.24%
"Dec 06, 2017",41,40.9,40.9,40.9,0.00K,-1.09%
"Dec 05, 2017",41.45,41.45,41.45,41.45,0.02K,-0.60%
"Dec 04, 2017",41.7,41.7,41.7,41.7,,+1.46%
"Dec 01, 2017",41.1,41.1,41.1,41.1,,+0.29%
"Nov 30, 2017",40.98,41,41,41,0.01K,+0.12%
"Nov 29, 2017",40.93,40.93,40.93,40.93,,+0.07%
"Nov 28, 2017",40.9,40.9,40.9,40.9,,-0.61%
"Nov 27, 2017",41.15,41.1,41.1,41.1,0.09K,-0.36%
"Nov 24, 2017",41.3,41.15,41.15,41.15,0.01K,+1.35%
"Nov 23, 2017",40.75,40.75,40.75,40.75,,+0.37%
"Nov 22, 2017",40.6,40.6,40.6,40.6,0.01K,-0.25%
"Nov 21, 2017",40.7,40.7,40.7,40.7,,+0.62%
"Nov 20, 2017",40.45,40.45,40.45,40.45,,+0.40%
"Nov 17, 2017",40.29,40.29,40.29,40.29,0.00K,-0.40%
"Nov 16, 2017",40.45,40.65,40.65,40.65,0.01K,0.00%
"Nov 15, 2017",40.45,40.45,40.45,40.45,,-1.10%
"Nov 14, 2017",40.9,40.9,40.9,40.9,,-0.73%
"Nov 13, 2017",41.2,41.2,41.2,41.2,,+0.24%
"Nov 10, 2017",41.1,41.1,41.1,41.1,,-0.32%
"Nov 09, 2017",41.23,41.23,41.23,41.23,,+0.19%
"Nov 08, 2017",41.15,41.25,41.25,41.25,0.01K,-0.24%
"Nov 07, 2017",41.25,41.25,41.25,41.25,,-0.12%
"Nov 06, 2017",41.3,41.3,41.3,41.3,,+1.60%
"Nov 03, 2017",40.65,40.65,40.65,40.65,,-1.22%
"Nov 02, 2017",41.15,41.15,41.15,41.15,,+0.12%
"Nov 01, 2017",41.1,41.1,41.1,41.1,,+1.11%
"Oct 31, 2017",40.65,40.65,40.65,40.65,,+0.25%
"Oct 30, 2017",40.55,40.55,40.55,40.55,,+0.02%
"Oct 27, 2017",40.54,40.54,40.54,40.54,,+0.72%
"Oct 26, 2017",40.25,40.25,40.25,40.25,0.00K,-0.49%
"Oct 25, 2017",40.45,40.45,40.45,40.45,,+0.75%
"Oct 24, 2017",40.15,40.05,40.05,40.05,0.01K,+0.75%
"Oct 23, 2017",39.85,39.85,39.85,39.85,,+0.13%
"Oct 20, 2017",39.8,39.8,39.8,39.8,,-1.61%
"Oct 19, 2017",40.45,40.6,40.6,40.6,0.01K,-0.37%
"Oct 18, 2017",40.6,40.75,40.75,40.75,0.00K,+1.00%
"Oct 17, 2017",40.2,40.5,40.5,40.5,0.01K,+0.05%
"Oct 16, 2017",40.18,40.18,40.18,40.18,,+0.50%
"Oct 13, 2017",39.98,39.98,39.98,39.98,,+0.83%
"Oct 12, 2017",39.65,39.55,39.7,39.55,0.01K,-0.13%
"Oct 11, 2017",39.7,39.7,39.7,39.7,,+1.28%
"Oct 10, 2017",39.2,38.8,38.8,38.8,0.01K,+0.64%
"Oct 09, 2017",38.95,38.95,38.95,38.95,,-0.26%
"Oct 06, 2017",39.05,39.05,39.05,39.05,,+0.05%
"Oct 05, 2017",39.03,39.1,39.1,39.1,0.01K,+0.15%
"Oct 04, 2017",38.97,38.97,38.97,38.97,,+0.96%
"Oct 03, 2017",38.6,38.6,38.6,38.6,,+1.23%
"Oct 02, 2017",38.13,38.13,38.13,38.13,0.00K,-1.35%
"Sep 29, 2017",38.65,38.65,38.65,38.65,,-2.25%
"Sep 28, 2017",39.54,39.54,39.54,39.54,,+0.74%
"Sep 27, 2017",39.25,39.25,39.25,39.25,,0.00%
"Sep 26, 2017",39.25,39.45,39.45,39.45,0.00K,-0.76%
"Sep 25, 2017",39.55,39.55,39.55,39.55,,+2.20%
"Sep 22, 2017",38.7,38.7,38.7,38.7,,-0.28%
"Sep 21, 2017",38.81,39,39,39,0.00K,-1.52%
"Sep 20, 2017",39.41,39.41,39.41,39.41,,-1.03%
"Sep 19, 2017",39.82,39.82,39.82,39.82,,+0.78%
"Sep 18, 2017",39.51,39.51,39.51,39.51,,-0.23%
"Sep 15, 2017",39.6,39.95,39.95,39.95,0.00K,-1.88%
"Sep 14, 2017",40.36,40.1,40.1,40.1,0.00K,+2.49%
"Sep 13, 2017",39.38,39.38,39.38,39.38,,+1.63%
"Sep 12, 2017",38.75,38.75,38.75,38.75,,-0.51%
"Sep 11, 2017",38.95,38.95,38.95,38.95,0.01K,+0.78%
"Sep 08, 2017",38.65,38.65,38.65,38.65,,+1.71%
"Sep 07, 2017",38,38,38,38,,0.00%
"Sep 06, 2017",38,37.95,37.95,37.95,0.01K,+0.69%
"Sep 05, 2017",37.74,37.74,37.74,37.74,0.00K,+2.28%
"Sep 04, 2017",36.9,36.9,36.9,36.9,0.00K,+0.33%
"Sep 01, 2017",36.78,36.78,36.78,36.78,0.01K,+0.22%
"Aug 31, 2017",36.7,36.7,36.7,36.7,,-0.81%
"Aug 30, 2017",37,37,37,37,0.00K,+0.68%
"Aug 29, 2017",36.75,36.75,36.75,36.75,,-0.94%
"Aug 28, 2017",37.1,37.1,37.1,37.1,,+0.54%
"Aug 25, 2017",36.9,36.9,36.9,36.9,,+0.27%
"Aug 24, 2017",36.8,36.8,36.8,36.8,,+0.82%
"Aug 23, 2017",36.5,36.5,36.5,36.5,0.02K,+0.97%
"Aug 22, 2017",36.15,36.15,36.15,36.15,0.01K,-0.41%
"Aug 21, 2017",36.3,36.3,36.3,36.3,,-0.55%
"Aug 18, 2017",36.5,36.5,36.5,36.5,0.00K,-0.54%
"Aug 17, 2017",36.7,37,37,37,0.01K,+0.96%
"Aug 16, 2017",36.35,36.55,36.55,36.55,0.01K,+0.61%
"Aug 15, 2017",36.13,36.13,36.13,36.13,,-0.33%
"Aug 14, 2017",36.25,36.2,36.2,36.2,0.00K,+0.22%
"Aug 11, 2017",36.17,35.85,35.85,35.85,0.01K,+1.03%
"Aug 10, 2017",35.8,35.8,35.8,35.8,,+1.13%
"Aug 09, 2017",35.4,35.4,35.4,35.4,,+0.85%
"Aug 08, 2017",35.1,35.1,35.1,35.1,,-0.43%
"Aug 07, 2017",35.25,35.1,35.1,35.1,0.00K,+0.71%
"Aug 04, 2017",35,35,35,35,,+0.43%
"Aug 03, 2017",34.85,34.85,34.85,34.85,,-0.26%
"Aug 02, 2017",34.94,34.94,34.94,34.94,,+0.09%
"Aug 01, 2017",34.91,34.91,34.91,34.91,0.00K,-0.82%
"Jul 31, 2017",35.2,35.2,35.2,35.2,,+0.86%
"Jul 28, 2017",34.9,34.9,34.9,34.9,,-0.29%
"Jul 27, 2017",35,35,35,35,,0.00%
"Jul 26, 2017",35,35,35,35,,+0.86%
"Jul 25, 2017",34.7,34.7,34.7,34.7,0.00K,+0.12%
"Jul 24, 2017",34.66,34.66,34.66,34.66,,-0.83%
"Jul 21, 2017",34.95,34.95,34.95,34.95,,-0.57%
"Jul 20, 2017",35.15,35.15,35.15,35.15,0.00K,+0.72%
"Jul 19, 2017",34.9,34.9,34.9,34.9,,-0.14%
"Jul 18, 2017",34.95,34.95,34.95,34.95,,+0.23%
"Jul 17, 2017",34.87,34.87,34.87,34.87,,+0.49%
"Jul 14, 2017",34.7,34.7,34.7,34.7,,+0.14%
"Jul 13, 2017",34.65,34.65,34.65,34.65,,+0.58%
"Jul 12, 2017",34.45,34.45,34.45,34.45,0.00K,-0.14%
"Jul 11, 2017",34.5,34.5,34.5,34.5,,-0.58%
"Jul 10, 2017",34.7,34.7,34.7,34.7,,-0.43%
"Jul 07, 2017",34.85,34.85,34.85,34.85,0.02K,+0.20%
"Jul 06, 2017",34.78,34.8,34.8,34.8,0.01K,+0.96%
"Jul 05, 2017",34.45,34.45,34.45,34.45,0.00K,+0.06%
"Jul 04, 2017",34.43,34.43,34.43,34.43,,+0.23%
"Jul 03, 2017",34.35,34.3,34.3,34.3,0.01K,+1.18%
"Jun 30, 2017",33.95,33.95,33.95,33.95,,-0.15%
"Jun 29, 2017",34,34,34,34,,0.00%
"Jun 28, 2017",34,34,34,34,,+0.35%
"Jun 27, 2017",33.88,33.88,33.88,33.88,,+0.24%
